review;label
tidak semua lagu album bisa diputar padahal langganan premium contohnya album scorpion lovedrive lagu lissie 1 2 semuanya bisa diputar iphone ponsel android nggak bisa rugi sih udah bayar dapatnya setengah2;0
maaf min kasi rating 2 bintang awal download sangat suka aplikasi sportify ofline masi bisa mendengarkan musik download lagunya skrng tidak bisa gunakan ofline terus online tidak ada lirik lagu nya apa hulasan lengkapmaaf min kasi rating 2 bintang awal download sangat suka aplikasi sportify ofline masi bisa mendengarkan musik download lagunya skrng tidak bisa gunakan ofline terus online tidak ada lirik lagu nya apa berlangganan premium thanks min;0
overall baguss yaaa cumaan tambahin tema temanya dongg biar bisa ganti ganti gituu jadinya ga dark mulu theme nya trus tolong dongg jangan ada fitur yg tidak bisa putar laguu ngeselin sumpahh mau muter lagu tiba tiba gabisa trus suka berhenti sendiri lagunya tolong perbaiki yaa admin aku udah pake premium lhoo aku gamau rugi aku pengin jadi pengguna setia sama app tolong admin tolong perbaiki;0
bagus sih cuma beberapa lagu bertahan sana sheila on 7 kok gak ada udah berkalikali searching tetap gak ketemu emang sononya gak dimasukkan spotify gimana mohon dimaksimalkan lg kedepannya perbanyak lagulagunya biar makin lengkap;0
walaupun bukan pengguna aktif hari dengarkan lagu2 spotify sangat suka aplikasi lagu rating tinggi sedang trending sangat mudah dapatkan disini;1
cuman satu kurang library musik kadang ada sedari dulu terus tiba tiba hilang hari muncul sendiri masalah copyrigth ato gimana gua gk paham jelas mohon pihak spotify jangan suka ngilang ngilangin lagu udah beredar hahahaha semoga didengar;0
spotify knp jadi jelek lama2 padahal dah pakai yg premium promo nya kualitas lebih baik kalau pakai premium hasil nya musik putus2 baik yg sdh download online sdh cd rusak padahal kalau ada pembaharuan selalu ikut baru2 pakai bagus lancar ga pernah putus2 sekarang sering banget putus2 kalau putar;0
terima kasih buat aplikasi the best of the best music spotify yg kaya segala jenis genre musik spotify layak harusnya mendapat penghargaan mtv guinnes book atas wawasan berbagai jenisaliran musik jaman jaman lagu frank sinatra sekarang warga sangat berterima kasih banyak atas kesempatan mendengar lagu gratis premium 3 bulan the great music spotify wasallam;1
sangat suka aplikasi karna lagunya hampir semuanya ada cuma memberi 4 bintang krna hp klo mengshare lagu instagram story tidak bisa mohon bantuannya pelanggan premium trimakasih;1
awalnya bagus tp sekarang tiap kali memutar knp hrs shuftle yaa jdi ribet mau dengerin lagu mohon perbaiki punya kemarn dengerin lagu fiersa besari lngsung muncul semua lagunya tinggal mutar skrng hrs shuftle dulu ribet bngt jadinya;0
diupdate malah kurang memuaskan lagu? yg disukai gak bisa diputar cuman nyala beberapa detik aja gak bisa didengerin full kalau bisa difix cepetan pengguna nyaman kalau tak kunjung ada perubahan terpaksa uninstall deh;0
daily mix nya sering sekali diputar shuffle kadang bisa diputar tanpa shuffle lalu menekan tombol sembunyikan lagu lagu tidak putar biasanya bisa ada lagu tekan tombolnya lagunya diputar mohon diperbaiki;0
niat gak sih bikin konten musik makin lama makin menyebalkan mau dengerin musik lagu yg dimasukin playlist gk ada malah diputer lagu habis iklannya banyak sih ngasih iklan pertimbangkan jumlah durasi diberikan terimakasih;0
bagus si bagus cuma ada kekurangan tolong perbaiki biar mkin bnyk yg download berikut adlh kekurangan yg aku alami kalo pengen ngulangin lagu ny g bisa hrus pkai data biar lagunya bisa diputerin berganti trs kadang? muterin playsit yg sukai nah tdk lama kmudian ad lagu yg belum favoritin lagu yg favorit in belum ad stnghnya diputerin knp lgu kupukupu kertas g bisa aku puterin;0
kesan pertama nyoba pengen yg premium upgrade premiumwaauuu telinga waktu sangat dimanjakan sekali terima kasih spotifypakai yg premium gak bakalan nyesel boys and girl;1
spotify jadi tidak bisa dipakai awalnya tidak terhubung internet beberapa jam kemudian padahal sinyal bagus lalu copot pasang app sekarang membuka spotify selalu keluar layar hitam;0
ksih 5bintakalau ada 10bintangsih ksihkarena aplikasi inimenyenangkanudah offline ada dj yg paling enakada lagu nias mantap pokoknyaaplikasi memuaskansalam yaahowu syalom;1
downloadan lagu yg udah didownload gak bisa diputar kan diketerangan ada tulisan gratis bisa offline didownload apa emang masuk mode premium baru bisa dengerin sama bukan gratis tpi masuk mode premium berbayar baru bisa denerin lagu nya sama aj kalau berbayar mending gag usah ada tulisan diketerangan aplikasi bisa memdengarkan lagu gratis trimakasih;0
kalau mau shuffle silahkan lagu ga ada playlist diputar apa gunanya playlist kalau lagu ga ada diadaadain lagu disuka ga disuka diputar random mana lagu didengar lama munculnya malah mutar duluan entah lagu apa kalau mau promo lagu orang silahkan kan ada iklan muncul random sih diedit playlisnya diadain lagu random diedit diputar tetap aja entah lagu apapayah;0
aplikasinya bagus sihtapi karna kebanyakan iklan jadi aku kasih bintang 3iklannya aja bisah sampek 35 iklanjadi aku kasih bintang 3ya kalau aku sihdi kurangi aj iklananyamakasih;0
okay aku sebenernya suka spotify sejak dulu aku ngerti premium cuma aku mau tanya kok gabisa share lagu instastory sebelumnya aku bisa kok share instastory;0
sering banget lo lagu playlist berhenti sendiri gimana sih spotify padahal nyalakan lg bisa muter gimana nih;0
siungguh mengecewakan download total 6 gb hilangkan download ulang padahal masa berlangganan lama ngaco spotify baru berlangganan premium memang pikir murah download 6gb;0
memang kualitas audio kalah beberapa app stream kalau ui algoritma acungin 10 jempol buat spotify gaada yg bisa ngalahin pokoknya;1
sangat memuaskan mohon selalu ditingkatkanpertahankan kualitas musik musik spotify kualitasnya sangat bagus lalu ada opsi equalizer menambah tambah bagus hampir sempurna ada fitur lirik;1
aplikasi udah berlangganan premium trus download lagupas masa premiumnya habis lagu download malah hilang semuaini bisa dijelasin gak penyebabnya kalau gini terus mending hapus aja aplikasinya;0
sy bisa cari beberapa konten lagu nostalgia yg pernah sy tau mudah komplit terimakasih aplikasi spotify semoga next lbh mantab lg lagu bisa didengar kontinew sesuai daftar pilihan;1
sejauh pemakaian aplikasi baguuss walopun yg standar msh ada iklan maklum yg penting jgn kbnykan iklan tp terkadang msh bnyk lagu2 yg blm masuk spotify terutama lagu2 lama smoga lebih lengkap skali cari lngsung ada trims;1
sangat menyukai playlist ada spotify kurang suka tampilan halaman aplikasi kurang menarik;0
memiliki pulsa sejumlah rp67000 membeli premium 1 bulan menggunakan pulsa seharga rp54990tetapi tidak bisa dikarenakan saldo tdk cukuppadahal pulsa mencukupi membeli preium tersebut tolong diperbaiki;0
overall bagus cmn ada satu kekecewaan soal pembayaran data sy sdh dikonfirmasi sbg seorang mahasiswa jdi bisa ambil paket pelajar pembayaranbya mesti pake paypal pendaftaran kartunya menggunakan kartu kredit hellow mna ada mahasiswa yg punya kartu kredit kartu debit sy selalau ditolak akhirx sy mengganti paket reguler yg lebih mahal duarr kartu debit sy diterimaniatx buat pelajar tp paketx mlh dipersulit bgn pembayarannyasaya kecewa sekali;0
good udah bagus dipertahanin soalnya susah nyari aplikasi musik hampir ada semuanya thanks spotify tolong jangan kecewain gue krna udah ngeluarin pundi2 uang buat kalian;1
wah keren si aplikasinya lagunya banyak banget saran gk kasih fitur lirik hehehe biar gampang buat hafalinnya makasih;1
menarik hingga mengelegarkan dunia bumi danatau langit 7 annya kan yia k detik2 inipun bersamaan w a nya semakin menggoncangkkan dunia ann mars slm aktifis salalu 12 032020 m;1
jelek bgt niat ga sih bikin konten musik keterlaluan bgt kayak gaguna aja ada konten buat yg males beli premium kyk ga keberatan kok klo ada iklan tp bener2 gabisa denger lagu yg disuka hrs shuffle jd buat apa dengerin lagu disini klo gabisa dnger lagu yg mau aja apus ajalah gaguna bgt;0
kebanyakan sponsor satu jam jatah nex lagu 6 kali habis pilih lagu misalkan kusus ungu yg muncul ada lagunya kangen band adeh parah sekali;0
gmna sih cara pake spotify mohon bantuannya soalnya bingung gmna cara liat daftar lagu ditop 50 kok gabisa liat daftarnya tangga lagu yg naik turun cuma ada tulisan putar shuffle klo yg sih baguslah oke;1
suka tutup sendiri gimana aku udh coba restart berkali2 aku pikir hpku eh ternyata hp yg gitu minta tolong segera dibenahi terima kasihh;0
sekarang cukup puas kalau bisa kembangkan misal fitur karaoke downloadnya satu2 tidak sekaligus aplikasi nya lebih menyenangkan terimakasih;1
coba login kata sandi salah lalu mengubah kata sandi sesuai perintah email jelas tertulis kata sandi diubah tetep gk bisa mengecewakan sekali;0
bagus hasil suara vocal suara sounds nya perbaiki menjadi lebih baik lebih bersih lebih baik bila ada pengaturan aquileser nya;1
baru aplikasi musik lagu bisa milih sesuka ga kaya aplikasi sebelahsudahlah online banyak iklannya lagu ga bisa milih berlangganan;1
senang bisa mendengarkan lagu era 2000 an yah masa lalu indah dimanapun berada semoga teman teman masa lalu diberi kesehatan bahagia;1
mon maap kurangi bintangnya kok sekarang daily mix nya shuffel kadang kadang kok keterangannya tdk ada koneksi internet padahal pkt datanya buat apk bisa lo;0
luar biasa sy sangat sukasekali aplikasi sy harap aplikasinya tdk ubah cintai banyak orang seluruh pelosok tannah air kiita tercinta;1
ga ada liriknya yahterus cara download lagunya gimanaterus online aja yah ga bisa ofline;0
saran bisa liat isi favorit bisa memilih lagu sendiri favorit kan sekarang kurang suka;0
g bagus update eh gk bisa dengerin lagu lagu serimg putus putus padahal udah dowload;0
makin sini makin lemot aja walaupun pakai premium buka pengaturan aja jedanya lama sekali;0
sangat ok kwalitas suaranya hpnya mendukung atmos yg sdh hi res memang beda padahal aku belum update premium mungkin tambah;1
update versi spotifynya suka mati sendiri kadang mati pas ada notif;0
aplikasi mantap jiwa buat orang galaupatah hatisedih menjadi orang senanggembirabahagia;1
nyesel gw update jdi banyak iklan nya musik nya masa gk bisa pilih sendiri muter acak bagusan update yg sekarang yg update enak gk ada iklan enak pilih lagu bebas malesin sumpah auto cari yg ni mah spotify uninstall;0
enak banget nih aplikasinya lagu nya enak enak ada saran nih bisa gak ada fitur timer nya soalnya klo mau tidur suka demus;1
awal pemakaian baguss sini sini malah jadi kurang baguss daftar putar g terlihat mohon segera perbaiki biar bintangnya terang;0
mau tanya kok pengaturan canvas akun hilang siangnya ada tdk dpt digunakan;0
cuman 1 kekurangan nyabelum ada lirik lagu nyahehehekan lumayan bisa karokeanmudahan kedepan nya pas mutar lagu ada lirik nya;0
lagunya lumayan lengkap tp knp stelah percobaan 1bln gak bayar bulanannya lagunya terbatas padahal muter lagu pake kuota gak mesti bayaran bulanan lh kan dah potong kuota tu;0
ga bisa masuk apl nya pdhal aku negeri tpi mencoba masuk tulisannya luar negeri;0
semenjak perbaruijadi kurang memuaskankarena dngerin lagu satu per satuga bisa nex playq suka apk yg dulutrima kasih;0
buat yg ragu ikut premium jgn ragu lagilahyg paling kualitas suara beda jauh sama yg gratisan so kalau mau kepuasan yg lebih dlm mendengarkan musik kuy premium kan;1
sangat nyaman menggunakan spotify keep up the good work rasa ada harga ada barang jadi bilang mahal worthy kok coba aja;1
memilih lagu sampulnya pas pas putar lagunya tolong perbaiki bagus sih kurang pas aja;0
aplikasi musik yg kerendan sangat memuaskn pokok y gk nyesel dh download aplikasi;1
nggak premium sii aku jadi byk iklan membantu lah cari cari lagu tanpa download ribet2 kapan2 adain paket free lahd;0
baru download apk tp tidak bisa masuk muncul tulisan tidak ada koneksi internet mohon pencerahan nya terimakasih;0
tlg dikembangkan tetap bisa musik an walaupun offlinejadi udah denger bisa didenger offline;0
knpa udh redeem terus masukin kode malah keterangannya terjadi kesalahan coba udh kali kaya gitu kehilangan 2 bulan premium;0
aplikasi sangat bagussemua laguartis ada spotify enggak susah susah download lagu kesukaan kalian satu satudan kalian bisa bikin playsit ada lagu btsblackpinkjazmelly goeslawariana grandealan walkeritzyexodan banyak lagipokoknya lengkap banget dehh kalian download;1
siih tiap mau muter podcast suka tibatiba nutup sendiri aplikasinya aku kasih bintang 1 dulu deh;0
aku pengguna spotify lumayan lama alhamdulillah ga prnh ada masalah aplikasi musik paling top buat aku;1
aplikasinya udah bagus entah apa terjadi ada 2 tanda panah trus lagunya cuman bisa diputar setengah;1
musik menemaniku lembur sportify mo muter lagu apapun tinggal milih tak perlu repot bikin semangat;1
kurang bagus sih gak bisa temukan lirik tolong gamana;0
spotify ok lah sy kasi 4 bintang banyak lagu tdk ada cari lagu hit yg dikasi live consert aja;1
sedikit kecewaaaa sebenrnya gua gak masalh mau bayar tah mau boros kuota tah ok lah coba benrin dulu suaranya kurang jernih telinga kurang nyaman bgt pake heandst buuh edaaaaan suaranya nambah ajuuur njir dengerin musik kok suaranya kaya tahun 90an fucek fucek fucekiiiiiiiiiiiii;0
aku dah beli langganan yg premium tiap puter lagu lagu 3 4 berhenti sendiri lagunyapadahal udah donlot lo sering mati sendirimengecewakan;0
aplikasi gmna sih ga berlangganan debet berlangganan terus tolong lah perbaiki rugi jarang pake tp debet berlangganan trs;0
mau putar artist muncul ada putar shuffle terus ga bisa ganti klo ganti malah artis bukn yng kanv;0
pemutar musik terbaik pernah ada lagunya lengkap banget pokoknya easy to use deh spotify thank u so much spotify;1
bagus banget gak bakal nyesel kalau donload buat suka nyanyi sama kaya aku donload yaa oke bye;1
knp lagu tadi aku puter habis aku matiin aku nya gak ada lagunya pdhl udah ku cari sampe bawah tp ttp gk ad mogaon perhatiin mksh;0
bagus aplikasi nya cara download nya gimana gua gak paham tolong kasih tau ok thnks;0
aplikasinya sih oke bagus ak kasih bintang tiga aja saran ak sih klo lagu diberi lirik nya jga;1
yeesakhir nya sejak kemunculan spotifyaku jadi bisa denger lagu main games biar ga gabutterutama aku sering play lagu btswieeehkeren deh pokok nya spotify itubagi yg tertarik silah kan download aja ply storeatau app storegak bayar kokmakasih spotify sudahmenghibur lagu lagu yg ku sukai;1
selalu melakukan perubahan suportif musik podcsdt baik aku beri rating 4;1
Sekarang spotify lemot jadi aneh, walaupun premium tapi lama :v;0
Ngak bisa di hentikan putar acaknya;0
ada shuffle padahal kemarin belum ada shuffle aku seneng banget gak ada iklan sama sekali sekarang ada shuffle lagunya gak bisa dipindahin selalu ada iklan kumohon perbaiki aku seneng tau gak denger lagu aplikasi sekarang makin berubah perbaiki sekarang;0
awalnya suka lengkap tpi skrang ada sistem suffle sama sekali g nyaman mau play lagu a tpi g bisa yg dlu g tau kapan lagu yg diinginkan play g bisa next ato previous kalo bgni jgn hadirkan next previous haruskah membuat 1 playlist 1 lagu bisa lngsung lagu yg inginkan sistem yg baru menurunkan sekali kinerja aplikasi lambat tidak praktis pdahal era konsumen menuntut yg cepat praktis bye spotify;0
ko gak bisa bikin insta story instagram sih gimana udah coba beberpaa kali tetep gak bisa;0
nyeselll bngt donwload aplikasi semakin lama semakin nyebelin klo mau putar lagu ny mlh yg keluar cma bagian reff ny doank kenapaa;0
diputar suffle lebih enak versi lama fungsi app pemutar musik mencari musik suka bebas memilih lagu mana didengar bukan diputar acak tolong kembalikan versi sebelumnya;0
gk usah perbarui donk kan apk udh bgusngpain lgi updatemungkin hp mreka aja yg cacat;0
ndak sukaaaa apa gunanya playlist kalo muncul lagu enak enak dengerin playlist eh muncul lagu pas diliat lha kok banyak lagu sii berkonten explicit semua sampah;0
aplikasi penyedia music paling cocok hampir semua lagu music baru lawas tersedia disini memang berlangganan kalau mau mendapatkan full feature bisa memainkan lagu lewat samsung galaxy watch terimakasih;1
membuat akun premium pembayaran melalui pulsa telkomsel pin sangat lama terkirim nomor dikonfirmasi akun maksudnya sms konfirmasi pin padahal pulsa cukup banyak pembelian lebih nominal dibeli apa salah pernah premium nomor sama;0
kasi bintang 2 lirik nya telat usahakan sesuai la babang;0
the besttapi sayang banyak lagu lama ga ada original nya disini;0
merasa terhibur adanya spotify membuat hidup lebih berwarna suara;1
mendapat pengalaman yabg luar biasa mencoba spotify opsi lagu lengkap kualitas musik optimal sangat memanjakan pendengarcoba spotify sekarang;1
wahhhsaya suka senang aplikasinyasaya bisa mendengarkan musik vavorit sayaterima kasih spotify;1
suka syekalii klo bisa ada lagu terbaru baik indo luar selalu share baru yaa thanks;1
bagus buat hiburanjg jd teringat masa lalu tg terindah dgr lagu yg sukai;1
aplikasi nya payah iklan premium mulu niat gak sih buat aplikasi yg sekali download lagu langsung bisa diputar offline sekalipun;0
spotify tolong matikan mode shufflenya buat penggunanya ga nyaman kesel banget perasaan dulu ga ada shuffle nyaman2 aja kalo streaming iklan ga masalah tp shufflenya bener2 ganggu mau muter lagu yg diputer malah yg jadinya nunggu lama dulu buat muter lagu yg dipengen cuma gara2 ikutin si shufflenya tolong baca inii;0
aplikasi jelek gak usah didownload mau dengerin lagu nggak masuk akal nyambung nya lagu;0
susah sekali login reset gak bisa jelek banget;0
sebelumnya tidak pernah mengalami kendala selama pemakaian spotify selama 2 hari belakangan semua lagu putar selalu berhenti detik 9 tidak melanjutkan lagunya padahal sinyal bagus bisa awalnya pikir kendala sinyal sinyal tidak berpengaruh sama sekali mohon diperbaiki secepatnya;0
mantapp cuman susah mau dengar lagu bahkan tidak bisa kalau kalian belum premiumtapi kalau podcastnya bisa;0
ga bisa download lagu padahal premium 3 bulan selalu membuka aplikasi tidak pernah muncul notifikasi sedang me download lagu;0
pencarian judul lagu penyanyi tidak bisa menampilkan keseluruhan lagu penyanyi tersebut;0
payah iklannya ngebacot mulu nyuruh langganan premium kalo udah premium katanya bisa setel musik spotify apa kapan bebas hambatan artinya tidak tergantung sinyal dong nah giliran udah aktifin paket premium terus gue nyalain musik dikamar mandi langsung mati gara? kaga ada sinyal gimana nihhh kaga sesuai iklankan iklan aja terooos ampe berbusa;0
lagu nya udh kumpulkantapi mutar lagu gk ada daftar;0
spotify aplikasi musik sangat baik download lagu bajakankarena lagu sedang cari hampir semuanya adatapi sayang ada beberapa lagu bisa diakses premium contohnya lagunya nico touches the wallsdan sayangnya memakai spotify free jadi tidak bisa mengakses lagu bisa diakses premiumbagi kalian tidak suka shufflebayangin aja shuffle hidup kitaterkadang tidak sesuai keinginan;0
mantaplagu lagu enak banyak pilihan jadi suka gak bosenin sukses slalu spotify;1
puas aplikasi satu gak ada iklan menikmati music cuma terkadang music terhenti lanjutkan kualitas aplikasi bintang 5 kamu;1
canvas udah on video nya gak jalan pas dicek malah off sendiri butuh solusi;0
aplikasi gk guna gk bisa milih lagu acak terus yg mainkan udh gitu terlalu banyak iklan;0
lagu nya campur campur kaya es campur suara iklan lebih keras dri lagu;0
user interface nya bagus kalau bisa ditingkatkan koleksi lagu tolong sekali terus update lagulagu hilang mohon diupdate kedepan nya banyak sekali lagu suka mark hitam subscribe selama 6 bulan sejauh problem nya sih keep it up;1
katanya berlangganan 3 bulan jadi premium sdh pakai kartu debit sukses belum 3 bulan baru 3 harian sdh jadi spotify free padahal sdh niat mau jadi member 3 bulan pemakaian huh hoax kayaknya;0
waaaaw maaaantaaap pokoknya aku instal mantap hasilnya langsung aku uninstal;1
semua lagu kumplittinggal pilih mau putarbagus deh pokoknya aplikasi inisangat puas;1
ada banyak lagu favorit sana tinggal telusuri pencet ada kanan bawah lalu tulis lagu kesukaan selamat menikmat;1
susah mau mutar lagunyalain dipilih nyanyi;0
muternya acak parah banget sih perasaan dulu gak kaya gini deh;0
paket spotify premium jangan mahasiswa berlaku anak menengah;0
gk tw knpa q seneng bnget ps prtma kali download aplikasi background nya bagus semua lagu yg q cari ada tpi ps 2minggu q gk buka aplikasi tiba2 gnti aja gtu pengaturannya mw dengerin lagu sesuai yg q mw tu gk bisa udah q otak atik ttep gk bisa lebih bagus joox;0
tralu pake internet cuma kalo offline bisa keren;0
akun tidak ada lirik akun memiliki lirik ada penjelasan;0
gpp iklan gpp suffle tp suara iklannya kecil kan jgn tiba2 keras menggelegar;0
aplikasi bagus banget lagunya lumayan lengkap ada sih yg lagunya tdk ada diapp pokoknya aplikasi sangat bagus;1
ada lagu tidak bisa putar lagu tidak lengkap harap spotify bisa menambah lagu? tidak terkenal tidak terkenal;0
mantap banget 1000 buat spotify musik terlengkap pernah ada se1000000 lagu bebas putar tanpa download gratis terimakasih udah ngerti in aku;1
best lah pilhan hargapun ada bisa jangkau;1
dengerin lagu kualitas jernih bas nya mantap iya disini spotify hari hariku jadi enjoy dn asik komplit memuaskan pilihan lagunyathanks so much spotify;1
mau buat album lagu sendiri terkadang ditambahin lagu gak jelas sama spotifypadahal gak ada nambahin lagu tersebutuntuk kedepannya mohon diperbaiki;0
lagunya banyak tgl cari2 aja bs dinikmati stiap waktu walaupun tanpa internet;1
apk gimana sih edan bangetmasa cuman tidak punya kuota sehari ajah lagu udah download download sih cepet abis dong kuota kalo mau putar lagu download dulu mah huuuh apk apaan mah sumpah gw nyesel banget nginstal apk;0
karna aku tidak bisa memutar lagu yg aku suka sekali klik mesti memutar acak;0
ga suka maunya streaming bts sama txt aja ga mau campur yg suka muter lagu idol sii ganggu orang streaming aja aku udah milih lagu buat dijadiin playlist biar gampang streaming nya ehhh malah tibatiba muncul lagu laen kalo iklan aku toleransi yaa lagu sampe akhir wht gk bisa terima;0
spotify memang bagus musiknya komplit bisa akses;1
sy udah niat beli pulsa 60rb buat daftar bulanan yg 54rb pas daftar ga bisa katanya pulsa tdk mencukupidi coba berkali kalipun ttp samalalu sy turunkan yg 7 hari 16rbeh ttp ga bisa padahal saldo pulda sy 60 rb udah lah mending daftar saiangannya aja joox;0
kecewa upgradenya upgrade bisa pilih sendiri lagunya pdhl 2018 udh pake spotify;0
goblok nyesel gua kasih 5bintangpas gua komen tau tau nya lagu yg udh d donwload pda gk ada goblok ngabisin kuota gua ajjh apk gaguna;0
playlist lagunya shuffle pas search lagu shuffle diganti lagu uninstal;0
sangat menyenangkan mendengar lagu2 ada daftar lagunya;1
oke bangatcuman gak bisa offline lagu posisi favoritsemoga kedepan posisi favorit bisa offlineoke terimakasih;1
permisi pas mau daftar koq gak munculmuncul selalu diam tidak ada kelanjutannya mohon perbaikannya;0
baru kali ngasih bintang satu apps apapun transaksi apapun coba rasakan sendiri deh gimana makek spotify terlalu susah iklan kalo muter 1 album album kali jangan melenceng lagu sebelah mau premium tp ga ada trialnya gimana mau tau kualitas premiumnya;0
awal kali pakai sih asik nyaman ganti perangkat s8 sering bgt lagunya jadi putus? gituwaktunya diatas 5 menit deh kadang mati sendiri lagunya secepatnya perbaiki biar tetap menjadi yg terbaik;1
tolong dong putar lagu nya tidak shuffle bisa milih musik mana mau putar dulugitu lagu? cover nya adain terus hasil pencarian lagu yg keluar jgn playlist lagu nya langsung bintang 3 dulu;0
pencarian nya kalau bisa sesuai kan selebih nya udh bagus;1
haiselamat siang aku suka bangeeeeet nget sama aplk musik satu iniaku merasa beruntunggg banget bisa donload inimasyaallahseluruh lagu yg aku cari ada aplk inirasanya lengkap bnaget dah tolong aku donkbagaimana caranya mendownload musik biar bisa disimpan diperangkat oflineaku ga tau tolong kasih tahu aku yalewat fb ku julia tahmawatidi bionya ada tulisan cari kawan bukan lawanpleaaasseee;1
sejauh aman nyaman dengerin musik pake spotify;1
musiknha mantap tidak ribet pakai aplikasi nyari lagu apa aja ada good job;1
sering berhenti sendiri tiba2 mohon diperbaiki bugnya;0
bagus suka aja pakai aplikasi sekedar dengerin podcast streaming lagu yg cuma sayangnya kadang lagunya suka mati sendiri ada baiknya kalo fitur timer bisa atur sendiri bisa dimatiin berapa lama atur waktunya;1
so far so good kualitas suaranya bagus lagu yg diputar sesuai keinginan bisa didengarkan offline didownload ok sip yg protes ko lagunya shuffle gak bisa didengar offline yg gratisan coba upgrade premium bayarnya murah ko gak mahal;1
bisa dengerin lagu yg hits top dllpokoknya nggak bakal nyesel kalo pke spotify klo pake yg premium wah tambah ntappsss;1
kurang baguslagunya berlangganan baru bisa didengar;0
kok hp gue gk ada aquqlizerr nya suara jadi cempreng standar;0
Coba tolong iklan nya sedikit berkurang , maximal 2 iklan, karna yg install aplikasi ini belum tentu tajir semua, tolong dikurangi iklan nya;0
Kenapa abis perbaharuan tampilan engga kaya dlu,kecewa;0
kok gabisa daftar. kecewa!;0
Makin aneh setelah diperbarui ..;0
selalu sering banget memutar lagu selalu lagunya mati sendirinya aneh pdhl sy premium download tolong perbaiki mengganggu kenyamanan kalo terusterusan begini mending uninstall bye;0
baru aplikasi paling mantap sedunia aku nyariaplikasi seprti ternyata ada aku sungguh bersukur banget samah aplikasi terutama pembuat aplikasi terimakasih banyak terimakasih banget semoga sukses terus bos;1
pokoknya aplikasi sangat membantu bermain game suka bermain game mendengarkan musik;1
suka sekali sama aplikasi cs nya fast respon banget sangat membantu terimakasih;1
tiap abis lanjut premium nge bug mulu anjir tiba tiba keluar akun mana masuknya susah padahal email udah bener;0
akun spotify ku tidak mau terhubung wifi;0
tema tepat link keliru mana lagu2 dimaksudkan terselektif campur ngawur grupe pilihan dimaksud tema link akomodasi memuat satu pembahasan tema kok ngaduk apa mesti tiap hari makan gratis iklan semacam berkongsi tiap putaran menit lagu diputar 3 bulan gratis premium apa mesti kaota diboikot memberi makan fakir miskin norak lu kaga cinta seni lu bangsat gue tetap putar demen lu aja ngeyel;0
aku mrasa kesulitan cara masuk gunakan aplikasi dg emailsandiku krna aku tlalu tolol tuatapi msih ngikuti pola pkbangan thnlgi mdren mbok tolong beri kmdahan special buat aku yg labsia 12pikun 194720skaranngok tank;0
disaat butuh cepat mau mendengarkan lagu diaplikasi langsung ada;1
mantap sangat menghibur aplikasi sangat bagus sekali;1
samsung j7 pro udah pake paket premium liriknya ga keluar;0
mau update premium ga segera dikirimi kode verifikasi bolakbalik minta tetep ga dikasih padahal pulsa melebihi tarif premiumnya dm twitter ga direspon terus aku mau daftarin spotify premiumnya kudu gimanaaaaa gitu looohhhhh;0
udh perbarui ko jadi gabisa share instagram mohon bantuannya;0
equalizer nya selalu berubah jadi selalu on kan lagimohon perhatikan makasih;0
lagu playlist tambah tambahi mengacak acak privasi pengguna dong;0
bagus semua musik tersedia musiknya berputar shuffle jadi gak enak gak sesuai lagu apa yg pilih tolong donkk spotify jangan dibuat shuffle donkk lagunya kalu udah ada perubahan baru ditambah bintang satu;0
seru banget aku emg suka sedikit ada iklan yaudh aku kasi 4 bintang aja stiil like it;1
musiknya asyik bangetaku bisa menikmati lagu apa aja;1
bagus kadang ada musik yg gak bisa diputar mohon pertimbangan kan;0
mau putar lagu a yg putar malah lagu b z dulu barulah lagu yg mau gue dengerin diputar sungguh bangsat sekali aplikasi kalian download deh rasain sendiri sensasinya emosi;0
baik premium non premium sejauh puas atas fasilitas didapatkan;1
ok banyak iklan anjir ga kaya nya hilangkan iklan nya ngabisin kuota gua aja anjir;0
update aplikasi gak bisa klik titik tiga selalu ngelag tadi abis update nambah kecewa aku sering dengerin lagu live nyatu lagu pertama biasanya pas perpindahan lagu gak ada jeda sekarang malah ada jadi gaasik dengernya tolong diperbaikiulasan lengkapsaya update aplikasi gak bisa klik titik tiga selalu ngelag tadi abis update nambah kecewa aku sering dengerin lagu live nyatu lagu pertama biasanya pas perpindahan lagu gak ada jeda sekarang malah ada jadi gaasik dengernya tolong diperbaiki;0
bangkeee ribet bgt mau nyari lagu yg aja auto delete aplikasi;0
aplikasi bohongg jangannn download mau ngedengerin lagu ajaa susah banget aku pencet putar shuffle ehh yg diputer bukan lagu yg aku mau malah lagu yg lainn jangann download bakalannn nyesel;0
apa hah gak bisa nyetel lagu nya cuma dengeri lagu awal nya doang;0
luar biasa makasih membuatku dengerin lagu jernih;1
bagus sih aplikasix cman spotify qw mode shuffle trus gak kayak semulatolong dong dikembalikan kayak semulapadahal mode autoplay x udh qw mati in tetep aj gk bsa;0
cocok bgt semua lagu favoritku ada disini ada lagu bts aku streaming lagu?nya disini buat naikin chart terimakasih;1
semakin mudah menikmati musik berbagai macan genre dalamnya;1
lagu simpan tidak bisa play full cuman sebagian menit aja;0
kasi bintang 1 tengah lagu musiknya berhenti;0
kurang lengkap murottal alquran nya selebihnya oke;1
gak usah ribet download mp3 dn simpan musik tinggal install dn pngen lagu apa aja tinggal searching pokok e;1
liriknya tidak muncul padahal premium;0
bagus banget dengerin musik tidur lagu nya lengkap;1
pusing gw sama versi yg sekarang udah denger lagunya pakai acak terus gk bisa skip skip very bad sorry gw kecewa bngt sama versi yg sekarang terus cuma bisa dengerin cuplikan very bad mendingan joox aja;0
aplikasi streaming musik terbaik sejauh suara bagus lagu lengkap kurang adanya lirik lagu berharap semoga depannya spotify mau menambahkan lirik semua lagu;1
sekelas pemutar musik kadang tidak responsif youtube notabene pemutar video pause sendiri tengah jalan butuh bandwith lebih gede youtube;0
kalo mau dipremiumin suka aneh gtu drspotify nyaapdhl pulsa udackp jaringan udabgs tp suka dpt bacaan tanda merah gtu drspotify yg disaranin nominalnyaatpskrg udabsa dipremiumin hehev;0
mencari musik penyanyi lagu apa bisa ada;1
woi playlistnya lah gua gak mau dibawahnya ada tulisan mungkin kamu menyukai kan gua jadinya nggak bisa milih lagu mau gua dengerin tolong dong biar gua bisa milih lagu gua teratur gua nggak mau shuffle kgk enak bener dah;0
terlalu banyak iklan sekedar mau mendengar musik mau upgrade premium pakai kartu kredit trus gimana kalo belum punya kartu kredit tidak ada opsi pembayaran;0
hrs diputar suffle sih jdi gk bisa dengerin musik sesuai yg mau tpi waktu awal download gk tiba2 2 minggu an lahpengaturannya dh ganti tolong diperbaiki sistem nya;0
ada beberapa perangkat yg belum bisa menikmati lirik mohon segera update;0
minggu pertama ciamik putar lagu tanpa iklan sejak shuffle aktif mulai buat gak nyaman banyak iklan emang apk iki maksa buat bayar paket premium dkk yg ujungujungnya bayar;0
aplikasinya maksa bangetawal download bisa bebas pilih lagusetelah sekian lama malah jadi shuffle maksa banget buat upgrade peremiumpremiumnya limited waktunya buang buang duittolong perbaiki;0
bagozz sempurna ditinkatkan sedikit mungkin tambahkan beberapa lagu;1
sangat bagus sedikit lama memutar satu lagu;0
kalau udh d download kok g ada d apk music sih;0
aplikasi sportys membantu banget buat aku seemuuanya pokokknya is the best lah;1
cocok selera musik kasih genre tersedia aplikasi musik simple gak ribet buat milih seriap genre musik aplikasi terimakasih;1
semua lagu ada disini jadi lebih enak dengarkan lagu hits;1
kasih bintang 4 karna aplikasi nya sangat bagus lagunya bnyk terpaksa uninstal karna kadang2 lagu yg putar tiba2 mati keluar sendirimohon perbaiki beberapa kekurangannya;0
bagus fiktur liriknya belum ada tidak muncul;0
sangat suka musik yg vintage spotify punya semua keep up the good work guys;1
good lengkap banget semua lagu sy suka ada;1
awal donlod spotify enak banget didenger bisa ofline tiba2 waktu buka berubah memutar mode suffle terus tiap muter lagu cuma bisa 5 detik gimana sih apa beralih premium bikin kesel aja deh;0
berharap banyak menemukan musik easy listening;1
kurang liriknya aja sihsoalnya kan kalo mau nyanyi ga tau lirik ga asik;0
mantap parah nih aplikasi kasih bintang 5 dulu kalo update lebih joss tambahin bintangnya;1
iklan sih aja makin sering lama mulai menimbang lg utk berpindah aplikasi kayaknya bukannya tidak mau upgrade premium dengar musik intensitas iklan yg rendah;0
bagus bangat aplikasi spotify klu digratiskan aja selama nyathanks;1
nggak enak banget muternya shuffle kaya percuma ada app music hmm;0
kualitas suaranya oke banget musiknya bervariasi semua genre ada trus banyak podcast pengajian banyak ulamaini membedakan aplikasi streaming lainya;1
siap menemani waktu suntuk pokoknya ok punya deh;1
denger musik nya sering mainkan pertengahan tidak full bingung kej koleksi musik kayak ada gambar pas denger lagu nya yg kasihmalah pas sesi pertengahanya aj musik nya gk full pliss y perbaiki cara nya please;0
aku pake aplikasi aplikasi musik yg satunya diputar shuffle makanya download app eh malah lebih parah udah dibikinin playlist tetap aja mutar lagu kan sebel;0
sampah kali ganti lagu volume suaranya jadi membesar;0
musiknya bagus2 gk repot donlot banyak pilihan lagunya jg;1
semoga kau gk kya aplikasi sebelahbanyak vipy btw satu bintangy nyusul kalau udah ada liriknya;0
spotify wajib kalian donwload karna lagu nya menarik banget semua bisa dapatkan sini;1
terimakasih spotify aplikasi bisa lebih update lagu brazil favorit aplikasi sangat sangat bermanfaat lagu kamu cari ada disini semua sangat suka aplikasi sekali terimakasih banyak;1
gak bisa mendengarkan lagu awal awal pas download bisa bahkan sangat menikmati kok sekarang gak bisa gimana nih;0
bagus bgt aplikasinyaaaaa aku suka bngt jadi kalo aku mau cari lagu gk aku punya gk usah you tube deh pokonya gk bakal nyesel deh download aplikasi d;1
permisi emang kalo premiumnya abis tetus beli premiumnya lagunya bakal ilang kagi download ulang tolong perbaiki tidak memakan waktu kuota sekian;0
koleksi lagulagunya lengkap terutama christian gospel music nya;1
ni app kurang bagus emang lagu nya banyak si jadi premium dlu baru bisa diputer;1
bagus kalau bisa lebih murah yg premiumnya;0
1kenapa volumenya selalu gk mulus lagu mesti ngalami volume mengecil sebentar trus normal 2kenapa pemutaran lagu gk bisa berurutan lompat lompat dr pilihan lagu yg aku sukai;0
ko gak ada sih lirik nya padahala aku maunya dengerin musik liat lirik trus kok pake bayar sgala sih kan dah pake data kok bayar;0
tolong donk iklan nya kurangi aq mau lagu ap yg muncul ap kurang sesuang yg mau tpi y lmyan lah;0
memutar musik ratarata musiknya berhenti sendiri detik 9 otomatis refresh ulang lagu nya bisa diputar tolong diperbaiki aplikasinya terima kasih;0
kadan2 ngeselin kadang2 terhibur anehnya knp mau putar lagu shuffle kok ga bisa tolong diperbaiki sufflenya yaaaa;0
kecewa beratttt ko aplikasi jadi giniiii putar shuffle apaann gabisa puter padahal asal nya ngga giniii padahal tadi nya udah aeneng banget sama aplikasi sekarang kecewa pisan;0
fix kelainanspotify musik gua sering macet putar google home bahkan lebih parahnya gak bisa diputar sama sskali padahl udah pakai yg premium buruk asli;0
semuaa ada dsinu enak banget sih beberapa auto gak bisa puter acak adul dn move premium kalo mau dngerin yg 3menit kaya sebelumnya tpi kereeenn bangett apk y gk susah2 download cuma lyric y gak ad kurangnya aja sih wkwkwk;1
putar lagu spotify selingan siang hari;1
luar biasa sangat memberikan pengalaman spektakuler;1
semoga lebih ditingkatkan perfomanya terima kasih;1
maaf kalo aku baru kasi bintang duaapk nya lumayan keren update gak pake koneksi internetdan kalo buat lagu kok gak lagu nga jugak kenak ubah cuma judulnyapliiiiiisssss update;0
aku suka aplikasinya satu pertanyaanku gimana caranya masukin lagu spotify soalnya aku pengguna baru hi;1
bagus banget spotify makasih sukses terus;1
nggak bisa stel full selalu cuplikan kesallll;0
rekomemdasi banget semua genre lagu tersedia;1
aplikasih yg lumayan bagus tolong tambahkan penganturan mengunduh musik yg unduh bisa putar offline bintang aku kasi 4 bintang sekian trimakasi;1
katanya bisa d dowload tpi kok gk bisa udh gw liat tutorial ny d youtube tetap gk bisa kata d dowload aj gk ad udh 2 buah gw pasang apk sma lite ny tetap aj gk bisa d dowload t tolong bantuan ny;0
ga nyesel download aplikasi iniqt dpt menikmati lagu full lagu boyband kesayangan ada isiya walaupun blm langganan tp sangat puas dgn aplikasi;1
lagunya enak belum tahu judulnya sekarang tahu putar berulang ulang;1
kok muter lagunya acak bangsad dulu gk gini eh tiba2 si anjing buka langsung gini kalo gk niat bikin aplikasi yg gk usah bikin pepeq anjing lu;0
kasih pilihan berbayar menghilangkan iklan tidak ada batasan skip bayar sekali mahal tidak apa apa asal cuma sekali bayar fitur premium tidak terbuka tidak apa apa;0
bintang 3 dulu yaasaya mau tanya knp stiap denger trus tiba lagunya suka matitolong ksihh tau dong gmn silusinya;0
enak hemat paket data cocok buat kuota dikit;1
suffle padahal versi sebelumnya bisa memutar lagu sesuai pilihan versi sebelumnya jadi tidak leluasa memilih lagu kesel ihh;0
aplikasi gak bermutumasa baru masuk tiba tiba keluar gak jelas bangettolong dong perbaikin ajg jangan cuman mau ambil keuntungan;1
menghibur kala sedih penyemangat kala kehilangan gairah;0
bagus sitapi trgnggu sama fitur putar acak ny;0
visualisasi canvas aku kok gabisa aktivasi off sendiri gimana mohon bantuannya spotify;0
bagus aku suka keren bisa dengerin lagu yg suka;1
sangat tidak nyaman mengganti nama akun sampe sekarang kesulitan belum lagu lagunya acak tidak sesuai apa cari spotify so annoying;0
sip deep field equalizer vivo otomatis nyala dulu kalau ganti lagu equalizernya mati jadi dinyalain manual sekarang tinggal nyalain gontaganti lagu equalizer tetap menyala well done;1
lagulagu spotify lengkap2 jadi suka denger lagu sini tp gara2 sistem suffle jadi gak bisa muter lagu yg sy mau udh gitu waktu buat playlistnya malah keputer lagu;1
aku suka sportify pilihan lagunya lengkaaap;1
putarnya acak aku kurang suka aku lebih senang nikmati satu album lagu berurutan bukan putaran acak payahhh;1
sporttify emang yahut cocok tua mudabanyak pilihan lagu ga salah pilih deh;1
mohon maaf pas tekan titik 3 dipojok kanan atas kok langsung macet jadi matiin hpbiar normal pdhal aplikasi lancar aja tuh;1
persulit membeli paket premium pencet ga ada respon tolong ada update lah tolong kesusahan membeli paket gmn sih spotify;0
pokoknya aplikasi ni sangat bagus kalo buat dengarin musik suaranya jg jernih pokonya ga rugi download aplikasi ni;1
repost insta story tidak ada tulisan play with spotify diatas diperbaiki jadi 5 bintang kok;1
sangat bagussmoga terus permudah aplikasi;1
pengalaman tidak ada kebijakan varisa aja segala virus dibuang;0
gampang milih lagunya lengkap semua nya ada keren lah pokoknya;1
lengkap banyak kategori musik terbaru spotify menyetel equalizer pas masingmasing lagu genre;1
jelek banget najis nyari lagu apa keluar apa goblok;0
mending pake apk sebelah deh udah ngga ada tangga lagu nya musti bayar jd premium lagu yg udh diputar ngga bisa diputar lg kalau lg offline im sorry 2 bintang udh cukup bagus kasih;0
lagu yg perlu dengar ada sini semua keren paling saran jangan lupa selalu update lagu terlebih suka selalu cari genre rohani kristen gospel gitu mantab;1
sangat mengecewakan 7 hari pemakaian sih memang ga ada iklanshuffle ujungujungnya bisnis pengen dengerin lagu yg gua pengenin ga sesuai ribet dah;0
sya mau ksh bintang 1 dlu sya mau menanyakan onlineoffline;0
mengetahui kebutuhan pelanggannya like this;1
4 dulu min soalnya lagu nias kurang lengkap terus lagu nya sering tiba2 berhenti bisa perbaiki kan;0
bagus sayang pas mau lewat cuma bisa 6x;1
jengkel aku nich mau muter lagu ap yg keluar apd perbaiki ngapa biar sesuai dgn ap yg pengen kt dengern bisa d geser buwat gnati eh tiba mau d geser bwat pindah lagu gk bisa lagihick bikin sensi aj;0
kualitas pemutarnya bagusnamun bisa terhubung musixmatch menampilkan lirik berlangganan terlebih;1
update malah gak bisa dipake buat muter lagu sesuai keinginan cuma dikasih cuplikannya tidak bisa memutar lagu habis mohon segera diperbaiki;0
mantap benar benar bagus meningkatkan kualitas hidup manusia galau hehehe;1
katanya bisa nonton offline mana masa data gua matiin musik mati mesti langganan dulu pake premium aflikasi apa coba puak;1
bego sekarang kasih iklan pas puter lagu lu kira radio dibikin tambah begok gk bisa pindah lagu bego lu yg bikin kaya gitu nih gua mau uninstall aja aplikasi yg sekarang jdi bego;0
bagus sih kak kalau bisa equalizernya kak terlalu ngebass banget sih jadi kurang stabil mid low high suwun;0
jalan ndak ada temen buka spotify bersenandung tak terasa sdh tujuan;1
aplikasi musik yg bagus bisa dengerin lagu favorit kl lg kesal menunggu;0
aplikasi yg bagus support google speaker jg top;1
pokoknya kreensimple mudah menjanjikan yg terbaik dr hasil hunting salute;1
aplikasi sangat bagus keren pokok nya the best dehhhh;1
bagus sh sayangnya ngga bisa downlod offline biar bisa save memori;1
senang aplikasi ada tidak sukai contoh adanya iklan memberi jeda musik putar;1
mau coba spotify premium klik alihkan premium selalu halaman home padahal update aplikasi tolong diperbaiki;0
kasih pilihan hentikan langganan biar praktis gak ribet;0
kurang satu lagunya tidak bisa diputar acak;0
top lh aplikasi nya semoga depan nya makin mantap;1
premium lagunya gak bisa dibuka;0
masa dj pamer bojo gak ada tolong yg punya aplikasi nya benarin dulu perbarui mas mbak;0
bagus bangetsya puas aplikasi inikalau ada sya kasih bintang 10semua lagu yg sukai ada disinipokoknya the best;1
maksudnya gimana yh mau premium pakai pulsa pulsa ada 65rb mau yg perbulan 54900 an ehh pas coba ketx pulsa tdk cukup gimna solusinya;0
mutar mencari lagu yg diinginkan mode shuffle kebanyakan lagu yg inginkanmalah tdk ada mode tersebut yg membuat aplikasi sangatï¿½ menyebalkan;0
sejauh cukup puas pengalaman musik diberikan premium kurang lebih sepadan punya saran sistem similar song ditingkatkan pembuatan playlist;1
aku sangat menyukai sporty pertama kali mendownload nya aku bisa mengetahui berbagai macam musik kpop aku bisa mebuat album lagu kesayangan ku pokoknya terimakasih sporty;1
bagus banget lagu nya aku kasih bintang lima;1
spotify tepat belum terdapat liriknya apl temen tersedia lirik padahal update bisa;0
awalnya sih bagus banyak pembaruan semoga pembaruan kali lebih bagus;1
aplikasinya bagus lagunya gak ada lirik tolong perbaiki terimakasih;1
app musik yg paling oke yg penah coba pokoe goods bangets;1
so far selama pemakaian 3taun si suka bgt keren dehh;1
30 menit tanpa iklan hoax 5 menit suda iklan;0
kualitasnya suara bgs n tmbh lg lagu yg lawas n updatethanks;1
keseringan error update rubah premium tetap aja error pindah satunya aja kalau kayak gini terus;0
hampir semua lagu suka ada spotity;1
memang bagus gimana matiin cara shuffle;1
aplikasi sangat bagus menghibur terima kasih;1
auto uinstall pindah ytmusic kecewa ada mode acak tidak bisa dengar musik sesuai keinginan mau dengar musik a nyala musik b kan gak jelass asuu aku uinstal kirim komentar;0
kesel sih padahal udh upgrade akun premium tpi pas buka lg tiba rubah akun gratis trs pas mau daftar premium lg pembayaran gagal terus;0
sangat puas bisa mendengarkan musik tanpa iklan apknya hemat kuota trimakasih spotify smoga semakin maju;1
ganti hp mesti download ulang smua lagunya padahal data mash utuh kartu memory boros kuota bngt;0
tolong fitur shuffle dihapuskan sangat terganggu ada putar shuffle nyaman2 sekarang sangat tidak puas;0
gak simplemau pilih lagu yg sukamalah nongol penyanyi;1
sportify yah kalo play lagu detik 9 berenti trus udah ga bisa play;0
enak aja makenya udh biasa sama iklan;1
kalau ada tambahan lirik lagu lagu hits tambah mantab denger nyanyi nyanyi;1
bisa memutar lagu shuffle sajapadahal dulu tidak;0
makin update malah makin buruk aja jadi banyak bug nya buat share lagu aja ga bisa stuck screenhang mulu bikin kesel jadinya;0
semenjak memakai spotify bamyak menukan berbagai musik yg tadi nya gak pernah denger;1
lumayan tolong sedikit meringankan pengguna bisakah mengunduh lagu tanpa mengakses premium;1
aplikasi anti bajakan terima kasih mengajarkan bisa menghargai karya orang;1
tolong tampilkan liriknya biar bisa karaokean nnti full bintangnya;0
pertamakali langsung paham menegenai aplikasi;1
aku mau tanya emang spotify app gak jelaskalau aku sih spotify memang app kesukaan aku aku sering dengar lagu entah apa merasuki mu hehehe terima kasih buat spotify;1
keterangan bsa download lagu tp ga bisa d download hrs selalu connect internet trus baru bisa bagus joox;1
gak bisa putar lau diinginkan selalu acak mau putar lagu apa malah keputar lagu apa gak jelas banget nih aplikasi gimana mohon perbaiki;0
suka banget sama playlist yg buatkan khusus;1
musik nya lengkap nyari lagu nya gampang;1
kerenkoleksi lagunya melimpahmantap thanks spotify;1
suka suka sukaaa tapiii musik playlist nya 6 lagu doang kalo skip tolong aku kadang gak nyaman deh bagus bet kok;1
keluar aplikasi lagunya mati terus ngulang lgi lagunya dri awal;0
shuffle ku dah seneng banget padahal sama apk satu knp kudu kekgitu ah kecewa perbaiki atuh min;0
najis anjing apa apa berlangganan gamau rugi orangnya tolol kesel gua anjing;0
aplikasinya seru masasetelah donload aplikasinya pakai paket menghidupkan musiknya ternyata waktu belum mingistal dibuat offline makanya kasih satu bintang;0
ternyata enteng bgt aplikasi nya no lag lag club lengkap smua musik ada i like it;1
nicesemua musik yg cari semuanya ada fitur2 nya semuanya bagus;1
download ajalah bagus kok online ok kisanak tambah bagus kalau ditunjang hape lu bagus gausah lu review jelek kalau ada masalahnya hape lu kasian tau bikin ni apk;1
mau premium student bayar via pulsa ko ga ada awalnya ada trs pas udah isi plsa jadi ga ada premium bayar via pulsa;0
kecewa spotify aktifkan premium lagu yg cari tidak bisa diputar diputar lewat shuffle ada aja iklannya mohon penjelasannya pihak spotify;0
download bisa memutar beberapa lagu kalo mode tidur langsung ngehang ga bisa buat dibuka uninstall;0
bagus si cuma kesini2nya kok mau muter playlist buat bisa diputar previewnya;1
bagus jadi ada memory diingat masa lalu;1
klo bagus tambah bintangnyaeh bagus banget jd tak kasih bintang 5pertahankan aplikasi bagus;1
bagus hehehe puas banget kalau update premium udah deh cocok banget;1
kurang asik ah masak lompat lagu ajah batasi 6 kali padahal pake data seluler gak gratis;0
keren ga nyesel donlot mantap pokoknya;1
spotify cuma kurang fitur lirik waktu mendengarkan bisa lebih menikmatinya;1
maafak kasih bintang 3 soalnya aku mau dengerin lagu yg disukai malah lagu ekstra coba aja lagu ekstranya hapus please jadiin yg dulu please;1
apaansi spotify aku udh isi pulsa masa tetep g bisa beli premier alasannya saldo kartu prabayar tidak mencukupi betulin dong spotify kesel bet aing;0
lagu cari ada spotify lagu lainnya yg sejenis;1
mohon diperbaiki lagu pilih gak bisa diputar kalau gk round semua list lagu;0
musik cuma bisa putar shuffle knpa tolong perbaikan nya;0
tetap semangat kebersamaan yg aktif aman lancar amiin;1
tolong dong tambahin fitur pembayaran premium transfer jangan pulsa ditambah pajak pengguna premium;0
makasihaq sangat senang pkek apli kasih;1
terimakasih udah kasih diskon 50 buat mahasiswa jadi bisa belajar menghargai karya orang;1
yg suka music mantap ni aplikasi pokoknya gud marsogud top markotop lagu kesukaan hampir komplit sini semua brooo spotify hebatttt lah;1
lagunya kok sebentar aja pilih lebih enak lama kalo milih musik bisa bebas kalo baru dipilih sama komputer;1
puas banget pakai spotify ga perlu repot2 cari lagu yg bagus udah dipilihin satu album;1
sekarang jadi nggak bisa diputar sesuka hati jadi gimana gitu tolong segera perbaiki;0
mantap lagunya lumayan banyak perlu update perpustakaan lagu makin banyak terutama lagu lagu jadul;1
app nya si oksemua lagu nya bisa putar freetpi kok gak ada lirik lagu nya;1
aplikasi bagus tingkatkan biar performanya lebih mantab dr segi suaranya;1
jelek tampilannya;1
keren koleksinya keren kualitas audio streamingnya;1
lagunya lengkap lagu daerah lagu internasionaltriamakasih banyak semoga makin sukses;1
apk nipusaya udah berlanggannan kok gak bisa;0
ga jelasdah instal ga bisa bukaaplikasi apaan lah;0
diupdate kok suaranya jadi garingefek equalizer jadi gak berfungsi;0
shuffle nya bikin ngeselin iklan semakin merajalela aplikasi payah;0
aplikasinya kurang bagussudah pakai data bukanya malah suruh buat premiumhapus ajalah;0
lagu nya sering mati kendala ny apa klp dri hp ga mngkin udh iklan weh isinya gajelas;0
kebebasan memutar lagu disuka tidak ada tolong kembalikan interface fitur play sebelumnya tidak menggunakan pemutaran shuffle;0
aplikasi musik favorit 2 tahun berlangganan;1
bagus banget gak perlu susah2 download lagu aplikasi;1
tolong emang tidak bisa dibagi insta story;0
oke sih iklan nya bayakkuragin iklan nya;0
aplikasi asu gak jelas lagu mau d putar mana yg nyala mana;0
napa sih ada shuffle tolong hapus shuffle baru kasi bintang 5 shuffle tai lah;0
sangat kecewa lagu cari nggak ada maaf mencarinya lagu sholawat2;0
sangat senang lagu lagu lama yg ada bisa mengenang masa lalu;1
loading nya lama bet pas muter lagu padahal kondisi hp baik baik aja tolong tingkat kan terima kasih;1
maaf y kasih 4 bintang alnya nggak bisa download masuk galeri musik;0
bagus sih tiba tiba akunku keluar sendiri gak bisa log in terpakasa kudu unistal download semua awal tt nyebelin banget udah beli premium nyebelin;0
akun facebook pagi tidak bisa connect aplikasi spotify mobile smartphone yahmohon bantuannya;0
bagus aplikasi nya kurangin iklan nya;1
lumayan bagus kurang lengkap koleksi lagu indonya indi nya kurang perbaiki brow;0
tiba tidak bisa buka;0
akhirakhir malah g kena buat dengerin lagu si;0
sampe bagus sangat membantu diharapkan kedepan smakin mantap;1
lagu lagu lawas gwe gx ada kurang lengkap spotify;0
akun aku ga ada liriknya;0
coba bisa ulang ulang lagunya mungkin lebih nyaman hihi;1
enak kalo bisa pake paket premium bisa dengerin kapan aja kualitas dr musiknya okee;1
banyak pilihan membuat tidak bosanbosan menggunakan app;0
senang sekalitpi kok lama lama gak bisa diputer lagunya;0
clear suaranya lagu musik beragam;1
awalnya bagus sih ada mode suffle jadi ga enak lagu putar nunggu lagu dulu jadi ga enak banget;0
kecewa kirain bakal enak lagunya setengah tengah berbayar baru bisa;1
enak kalau ada spiritual musik ndak perlu flashdisk;1
huhpercuma kalo ga bisa of line mh ngabisin kuota;0
beruntung banget deh download aplikasi;1
sebenernya suka banget karna lagu lengkap lagunya bts lengkap banget spotify aku nggk bisa share story instagram mohon diperbaiki;1
pliss lebih update list laguï¿½ terbaru lokal punya indiemajor label;1
walaupun hp matiin music tetap jalan seru pakai pas diperjalanan perlu update biar music makin dilengkapi;1
bagus banget bisa cari apa aplikasi;1
ayo tambah koleksi lagunya terutama ost serial tokusatsu lawas hehe udah bagus sih paket pelajarnya membantu bangeg meski kadang terjadi force close;1
bagus sihtp lama lama iklannya sering muncul sdh nonton iklan yg katanya 30 mnt kedepan tanpa iklaneee baru 1 lagu sdh iklan lg;0
sih shuffle ga bisa pilih satu2 yg pingin dengerin doank payah nih ahh;0
ko ngga ada liriknya makin lama makin ga jelaa apl nya asuuu;0
mati belanda iklan yg tidak jelas sengajakan buat2 tidak nyaman terganggu mengikuti premium berbayar;0
spotify sering macet awalnya aja bagus;1
abis pindah spotify lite sini jadi ngerasa aneh sihiklannya numpuk disini udah oke sih jadi gapernah fc pas play musik lama lama;0
cara memilih lagu favorit bagaimana lagu kwalitas ok;1
spotify bisa dengar kajian menit;1
aplikasi spotify sangat bagusaku jadi bisa dengerin lagu dimanapun;1
bisa memutar lagu2 kesukaan dg mudah;1
tolong perbaiki fitur shuffle membuat aplikasi menjadi terbatas otomatis mengharuskan beralih premium;0
terlalu banyak iklan auto uninstall aplikasi;0
huhpercuma kalo ga bisa of line mh ngabisin kuota;0
katanya bisa download buktinya mna palsu hoax;0
gabisa dibuka;0
payah sekarang acak sendiri percuma bikin playlist;0
apllikasinya sangat memuaskan;1
bagus banget apk nya bisa dengerin musik apa aja ketemu berkualitas pastinya ga nyesel pake apk;1
dgn aplikasi musik mudah hampir tanpa batas sikap bijak dlm memilih yg terbaik;1
lagunya udah klik ga bisa diputar cuma reff nya ga bisa muter;0
maaf mau menanyakan spotify 2 bulan tidak bisa share lagu stori instagram;0
asyik mengurangi beban telpon ga usah simpen simpen lagu memory jadi lowong;0
kok berubah menu lagu ny taunya jd mode shufle gitu jd kesusahan mau dengarin lagu yg play;0
aplikasinya bagus aku suka kalo bisa tiap lagu aku dengerin bisa ku share jadiin story wa kayak instagram story gitu hehe;1
lagu yg diminta kadang tidak bisa diputar;0
beberapa musik podcast kadangkadang mati sendiri cuma bisa diputer 9 detik;0
lagunya update suaranya jernih podcastnya seru recommended;1
awesome tingkat kan terus kenyamanan memutar lagu favorit;1
lagunya enak2 bangett ga pke ribet pake download lagu skrg tggl klik beres;1
sangat menyenangkan gak bisa muter lagu sesuai mau shuffle;1
app nya sih bagus cuma knp lama lama berubah mode shuffle gk bisa dinonaktifkan shufflenya;0
aplikasi keren banget aku suka lagu insyaallah mohon beri bintang rendah dinaikkan bintang nya bikin aplikasi udah susah update;1
bagus banget buat suka dengerin lagu dimobilpokoknya mantap dehhh;1
sangat menyukai aplikasi spotify lagunya sangat bagus mau download download sekarang;1
aplikasi waduk lahkmau muter lagu acak;0
asik bisa dengerin lagu mana aja;1
terima kasih walauoun acak lumayan gratis dengernya semoga tambah baik;1
ok sangat baik tolong lagunya jangan campur kalau sholawat khusus sholawat jangan seling sama lagu dangdut terimakasih;0
aplikasi nya lambat pdhal jaringan bagus buat muter vidio youtub aja lancar masak buat muter musik spotify pake ngelag lama pas mau masuk aplikasi lemot;0
repot memilih lagu putar shuffel akhirnya lagu pilih gak keputer;0
emm app terfavorit aku kasih 4 karna banyak iklan;1
skrng jdi diputar shuffle versi sblmnya pdhl ga bgni dah jdi kecewa sayamaaf uninstall;0
bagus aplikasi nya tp ko bisa tiba tiba berhenti sih lagu nya;1
musik nya lengkap sesuai selera ku aku suka banget ngetren gitu loh jadi aku suka;1
bangkeee ribet bgt mau nyari lagu yg aja auto delete aplikasi;0
apaan sh ga bisa buka;0
ok banyak iklan anjir ga kaya nya hilangkan iklan nya ngabisin kuota gua aja anjir;0
daftar tp kok ga bisa masuk tolong klo bisa perbaiki;0
lagu nya gak bisa pilih suka selalu acak;0
bagus tpi syg tdk bisa offline dgr kan lagu yg dgr;1
aplikasi yg bagus gua rekomendasikan tuk aplikasi;1
ok pilihan lagu cukup banyak;1
sangat bingungl bagaimana cara menggunakan aplikasi iniknapa bisa mendengarkan lagu singkat;0
sangat menyukai kapan manapun sy dapt menyetelnya tampa ada gangguan;0
mantap ditingkatkan kualitasnya jiga coleksi lagu;1
bagustapi tolong perbaiki kekurangannya soalnya lagunya suka berhenti sendiri;0
jelek masak lagu lama aja yg ada lagu yg cari gak ada habisi kouta aja downdl nya lagu2 nya ga bgus;0
menyenangkan jadi teman perjalanan ataupun bekerja ga bakal kehabisan musik podcast diputar;1
mantap jiwaapalagi kalo gratis super mantap;1
musiknya lengkap bgt update jugapokoknya bagus bgt;1
spotifi lagu kenangan terindah terwujud terima kasih spotifi;1
gmn cara downloadny kok ga bisa;0
bagus tambahkan lagu lagu pop daerah indonesia;1
cara mendownload lagu gratis gimana bos kuini ngak ada panduan cara mendownloadkalau apk sangat bagus;1
aplikasinya bagus walaupun pake data seluler tp ngga kepake banyak paling berapa mb aja ga ribet semua lagu ada i like it;0
perbarui mala banyak iklan musik nggak bisa acak kampreeetkalau tau jadi nya gini mending gk perbarui nyesel;0
ok aku suka n banyak kenangan dlm lg spotifi ok;1
males kalo nyari lagu apa eh diputer apa;0
lagu tidak bisa diatur next back sesuka hati ribet cuy;1
spotify danau seni musik menyimpan dunia musikal terus menerus bertambah daya pikatnya;1
gue seneng pake spotify lebih senang nya lg klo ada free premium spotify;1
kemarin download spotify lirik lagunya tersediakrna penyimpan habis spotify uninstall kemudian install lirik lagunyw ngk ada;0
aplikasi sangat bagus pilih artis artis suka banget;1
bagus keren udah aja yaa;1
mau daftar premium gak bisa selalu dibilang saldo pulsa tidak cukup padahal pulsa jauh lebih dr cukup tolong dong admin gimana kasih bintang satu bisa daftar premium;0
padahal sinyal bagus lagu tiba2 berhenti sendiri terus cape ih tolong perbaiki plisss buat apa ada kolom komentar kalau aspirasi cuma jadi pajangan aja buat kalian;0
aplikasi cacat serba premium;0
lagunya random;0
respon yg lambat;0
menabah hiburan lengkap lagu nya terima kasih sangat terhibur;1
alikasi yg sangat jelek susah cari klik apa yg putar ngacak ngacak menjengkelkan;0
bagus disesuaikan dgn musik yg suka langsung ada playlistnya;1
semoga versi terbarunya ada lirik;1
baguskualitas suara jg bagus;1
udah bagus tolong buat mode offline biar aku bisa mendengar aja sekian terima kasih;1
buat playlits lagu nya banyak putar shuflpaykurang enak;1
kok yg setel mana yg putar mana tolong perbaiki kalau udh perbaiki kasih bintang lima;1
bagus cuma kalau cari lagu diputar cuma cuplikan gak sekalian satu lagu full terimakasih;0
makasih udah memubat aplikasi bagus semoga lagu baru bisa langsung masuk aplikasi;1
bagus aplikasinya smua ad;1
tolong sdh beli paket sebulan oke pulsa 3 kali tp msh belum bisa paket premium terkuras 3 kali pulsa biasanya gk papa kok gk bisa;0
baik menemukan laguï¿½ lama kalo saran masukannya buat spotify ditambahkan lirik lagu biar tambah favorit;1
ksih bintang lima mau apk ny jelek apa bagus yg penting dri apkny berusaha memberikan yg terbaik;1
oke cuma msh binggung kok ngk bs dengerin klo ngk pakai quota overall its okey;1
bagusih kurang satu subtitle lirikkalau ada lebih baik;1
bagus lengkap sekali lagu nya perangkat galaxy tab s2 canvas gak bisa pake tolong bisa diperbaiki cepat;1
bagus 1 iklan play music;1
suka susah nyari lagu giliran ketemu yg dicari yg mana yg muter yg mana;1
aku sangat menyukainya disini banyak lagu yg tersedia;1
lagunya banyak jadinya tninggal milih lagu apa aku mau ada;1
jadi ga asyeekkkkkga bisa pilih lagu sendiri lagimaaf yaaa delet aplikasi;0
tidak bisa memutar musik inginkan bayar goblok apk;0
terimakasih lagu2nya memberkati;1
aku gak kasih 5 bintang sejauh aku suka tingkatkan terus;1
aku kok beda sama kawanku punyaku gk bisa download;0
tidak seru klu habis paket tak bisa dengarin musik yg sukai padahal uda buat playlis ny memori penuh batrai habis iklan jga banyak bee lah;1
cuma gk suka sama mode shufflenya tolong dihilangin biar bisa muter lagu sesuai keinginan;0
aku suka banget sama spotify karna ada jga list lagu yg sedang trend jd gampang nemuin lagu yg trend please tambahin lirik laguuu yakin deh ditambah lirik makin perfect spotify makasii;1
aplikasi yg bagusrekom bgt nih buat kalian yg suka dengerin musik;1
kereeeeeen syukaaa cari lagu apapun gampang cari lagu favorit banyak;1
terima kasih mempermudah mendengarkan lagulagu baru;1
bagus bangettapi yagitu kadang lagu nya suka tibaï¿½ berhentiv;1
lagunya lengkap tolong jangan diacak laguny;0
bagus banget apk tdk mengecewakan;0
bagus sih kalau mau ganti lagu nunggu ada iklannya;0
sering non aktif sendiri aplikasi nya sering keluar sendiri padahal jaringan internet ga ada masalah;0
good kalau opsi pembayaran premium lebih banyak gopay ovo dana lebih mantap;1
ga pke iklan sama putar acak gratiss beneranmantull;1
kok hp gaada liriknya;0
aplikasi yg bagus mudah digunakan;1
lumayan lahcuma kadang ngeselin iklannya kalo ga pake premium;0
senang happy banget banyak lagu bisa d dengerin dn sayangnya kk ad iklan nya y jadi kurang menikmatin bgt laguï¿½nya akhir;1
aplikasix bagus sya suka smga sukses lbih baik lgi kedapanx;1
gw suka bberapa lagu kesukaan gw gaada app;1
seru banget main sini dengerin musik trs sampe mampos gpp emng bnran seru kok seru bngt;1
jangan terlalu banyak iklan klau bisa;0
bagus aplikasi suka sekali spotify karna semua lagu ada semua terima kasih;1
lumayan bagus cuman tolong cantum kan lirik lirik lagu nya;1
bagus lagulagunya tidak bisa buka offline;1
aplikasi sangat luar biasadengan aplikasi memutar berbagai macam jenis lagu terimakasih spotify;1
semakin ribet mau putar diinginkan malah suruh putar shuffle dulu seluruh lagu tidak ada disuka anjir;1
kok premium nya susah banget jadi bingung yg ok kok bagus banget sukses selalu;1
semua lagu dengar semua ada spotify;1
lumayan tp kurang lengkap putar shufle bikin bingung;0
pengaktifan akun ny mudah trus lagu yg susah aku cari d sportify gampang banget pokoknya sukak;1
ada iklan nya jangan kasih kendor dong buat yg umum jg hehe;0
system shuffle mengurangi minat konsumen uninstal;0
sangat memuaskanwalaupun krn gratis jadi tidak bisa pilih lagu playlist diputar random;1
udah donwload appk memang oky jadi penghibur sepi difiku bisa milih artis lagu lagu yg mau;1
nyesel perbarui banyak iklan next lagu dibatasi;0
suka ksl sndiri hrs aktif data nya data udah aktif msih aja lagu gak bisa puter;0
aplikasi musik online wajib smartphone gw sampe sekarang;1
sangat suka tidak perlu menyimpan lagu memory tp aplikais menyediakan lebih dri yg punya;1
download lgi siapa tau bagus ada perubahan;1
artisnya banyak terus lagunya seru seru kalo mau diskip 6 jam sih tetep seru kok;1
tolong spotify unt akun premium dihadirkan fitur lyric dilagunya;0
langganan premium murah gampang bayarnya keuntungan tambahan yg banyak;1
makin update ngga enak ternyata malah ngga bisa milih musik mau d stel shurplus mulu cuy;1
aplikasi premium pertamaku good jobs;1
suka banyak jenis musiknya;1
disini temukan lagu nostalgia yg dicari tx;1
selalu evaluasi tambah lg nasyid ceramah islamtetap jd yg terbaik;1
suka banget sama spotify layanan premium nya benerbener menghibur;1
sangat suka karana membantu bisa denger lagu main free fire;1
system shuffle mengurangi minat konsumen uninstal;0
nyesel perbarui banyak iklan next lagu dibatasi;0
terlalu banyk iklan banyak lagu tidak bisa terputar;0
banyak betul iklannya ga bisa skip nyari lagu kadang tidak sesuai yg inginkan sangat buruk;0
repot memilih lagu putar shuffel akhirnya lagu pilih gak keputer;0
musik bagian kehudipan spotify memberikan kemudahan kenyamanan terimakasih;1
semuanya jadi istimewa kalo udh premium v;1
lumayan bagus kualitas jaringan bagus tampilan utamanya bagusnya kalau lebih simple;1
lumayan bagus sih cuma selalu ada jeda iklan kalau mode gratis berbayar dulu kali;1
sangat memuaskan lancar semoga semakin baik lebih baik;1
bagusss soalnya ndak bayar kalo bayar sama aja kayak aplikasi sebelah;1
sering tiba tiba pause sendiri sedang mendengarkan lagu mohon perbaiki;0
pulsa 65000 gak bisa daftar premium tolong perbaiki;0
terlalu bnyk iklan tidak bs direwind tdk bsk pilih lagu yg sdh dialbum hrs sesuai urutan lagu yg diputar;0
aplikasi tidak berguna karna pas mendengar lagu simpan tidak bisa ada malah masuknya lagu;0
tibatiba log out sendiri disuruh log in malah gabisa bisa katanya cuma bisa setel lagu selama 14 hari luar negri padahal gua cuma rebahan kemaren gajelas;0
aplikasi sangat benci mendengarkan lagu playlist malah muncul lagu aneh aneh;0
spotify skrg gak bisa memilih lagu daftar playlist play shuffle;0
mantapkalau bisa tambahkan lirik lebih bagus;1
sangat memudahkan mendengarkan lagu hit berbagai tahun tanpa menyimpan file sendiri;1
banyak betul iklannya ga bisa skip nyari lagu kadang tidak sesuai yg inginkan sangat buruk;1
kok jadi gitu sih gk jelas aplikasinya soalnya aku mau puter lagu yg aku mau cuma spoiler lagu nya doang balikin donk yg kyk dulu;0
hiburan komplit memuaskan trims;1
suka banget sama aplikasi kalian dounloud;1
kualitas audionya lumayan bagus berlangganan premium;1
spotify kwalitas suaranya real bngt enak tanpa ada gangguan jernihdan koleksi lagu2nya kerentopbgt lah;0
lah utk inilove it;1
sportif aplikasi musik paling mantap mengisi hari hari musik;1
sya suka aplikasi matapp buat denerin musih kasih bingtan 5;1
mempertahankan prestasi lebih berat meraih nya;1
aplikasi gk minum obat kali yaknp mau putar lagu yng mau putar gk bisa terus pencet putar shuffle udah skip tetep yng nyala lagu yg laintolong peebaiki;0
maaf kasih bintang satu update malah makin jelek aplikasinya awal awal pake aplikasi lancar gaada kendala apapun enak pas update malah jelek putar lagu selalu berhenti sendiri pas mau putar ulang gabisa;0
percuma bikin playlist lagu disukai udah ditambahin playlist udah siap dengerin lagu playlist malah dengerin lagu gak ada playlist gimana sih nih aplikasi udah capek capek nambahin lagu satu satu playlist gak ada satu dengerin;0
sekarang jadi tambah ribet;0
apk jelek ambyar;0
ayo kembangkan perbanyak daftar lagu nya;1
gak enak gak sesuai lagu ihhh masa aku pengen lagu sia malah nyalanya lagu ava max;0
apk nipusaya udah berlanggannan kok gak bisa;0
versi sekarang jelek knp shuffle cara putarnya;0
menyebalkan gak bisa puter lagu sesuka hati;0
aplikasi payah banget kok ga bisa muter lagu yg inginkan nunggu playlist mana kalo buat playlist nambahin sendiri lagunya ga mau pakek aplikasi;0
uninstal udah ga sekeren dulu;0
kurang lengkap musiknyannti klw lengkap bintang lima ku kasih;1
banyak farian lagu sih fiturnya aneh masa iya kadang nggak bisa ganti lagu mau mutar lagu diinginkanperbarui dongkalau nggk bisa hapus ni;0
aplikasi bisa download lagu gk yananti kalo bisa download lagu aku kasih bintang 5 sip;1
aku kasih bintang 3 dulu karna aku kecewa sekali sama aplikasi spotify;0
ada yg blom lngkappas pencarian lagu ad yg g ada;1
gak ngerti gunainnya diperbarui gak bisa pilih lagu yg mau diputar gisa next mundurin lagunya;0
makasih spotify musik dah membatu segala musik kuinginkan pokonya kereeen;1
aplikasi nya keren cuman play offline nya cuman premium doang yak;0
suka aplikasi bisa jadi teman suasana apapun dngan playlistnya;1
bayar pakai pulsa beralih premium dah kepotong pulsa kok spotify free tolong dasar gak jelas;1
ndak bisa putar lalu mau;0
aplikasi bagus perlu diperbaiki lagu ga ada yg lancar slalu berhenti terus bunyi;1
knp pake paketan;0
asik banget dah gk kayak aplikasi sebelah;1
ribetpengennya main yg inimlah muter yg disarankan;0
sejak update terakhir jadi sering crash samsung a7 2018;0
lama memakai spotify hasilnya memuaskan;1
komplit spotifi ada ceramah ny mantap terima kasih;1
sangat bagustapi ada iklan nya sangat menggangu;0
mode shuffle nya gak mau ilang;0
udah bagus kalau bisa tambahin lyric;1
update malah jadi jelek jadi kecewa otw uninstall;0
bisa mendengarkan lagu nostalgia tahun 70 80 90 an;1
mendengarkan musik jadi lebih baik;1
trimakasih aplikasi yg sangat baik;1
bagaimana caranya biar lagu putar berurutan tidak acak;0
hah gw mau dengerin lagu apa adanya suffel nyambungnya jauh bat penyanyi beda judul beda tau lah;0
aplikasi yg bagus sekali penghobby music mantap betul;1
percuma premium kereset mulu lagunya tolol;0
susah pake g mail;0
kecewa berat sama aplikasi satu memutar lagu inginkan malah menyimpang lagu mau duitnya aja tidak perhatiin masalahnya gak lama aplikasi sepi;0
engga bisa play lagu inginkan kecewa percuma install aplikasi;0
jelek banget orang mau denger lagu apa yg kesetel lagu apa gak jelas banget yg unduh apk nyesel deh;0
ribed app nyesel download;0
lagu nya gak bisa pilih suka selalu acak;0
tau lagunya naomi scott kan soundtracknya alladin iyah reviewnya speechless saking bagusnya;1
bagus lengkap mudah mencari musik yg kt inginkan;1
memutar musik menjadi lebih mudah;1
keseluruhann baguss cuma ada beberapa lagu yg gak bisa puterr;1
mantab tuk ku yg suka musik;1
langunya lengkap sekalimulai lagu jaman jadul lagu2 jaman now;1
berharap akun free bisa ditambahkan fiturnya jangan terlalu pelit hahaha;0
bagus app mantul musiknya enak jernih;1
bagus aplikasinyacoba lagunya perbanyak lgiterima kasih;1
isi lagunya bagus enak dengar;1
bagus sekali 0;1
ga bagus karna ditingkatin vip bayar bikin ga puas denger lagu shuffle terbatas buat muter lagunga;0
bisa membantu kalau belajar;1
membuat hidupku jadi lebih indah;1
banyak iklan playlist tidak bisa diputar ulang;1
memutar random kasih bintang 2;0
perbanyak lagu lagu daerah indonesia terupdateterimakasih;1
iklan kelewat banyak anjink mana gabisa skip kalo sekali iklan wajar lah 3 iklan sekaligus tanpa bisa skip kang asu;0
mendonglod aplikasi pas denger lagu bisa ss masukin story;1
kalau ngak mau putar shuffle premium pffttt;0
suaranya jernih sekali syukaa;1
tolong perbaiki aplikasi buruk;0
sumpah apk sngat tidak mengecewakan bagus bgtkembangin trus min;1
lagu kurang lengkap banyak tidak bisa diputar terutama japan song;1
mendengarkan music tanpa ribet download lagunya 1 persatu;0
music apapun mudah ditemukan dpt mengingat masa lalu thanks spotify;1
5 bintang sportify lama aq menggunakanya;1
spotify lelet banget min ngelag2 gt padahal hp mendukung terimakasih bantuannya;1
kok sportify gw gak bisa pk lirik padahal udh updte berkali kali;0
aku suka aplikasi karna banyak lagu lagu ku sukai;1
apl nya udh bagus lagu nya kurang lengkap;1
pokoknya bgs banget kukasih bintang 1kalo ada bintang;1
enak sportify bisa dengerin lagu santai;1
sy kasih bintang stu krna wktu sy download aplikasi nya mau oppen aplikasi nya kosong ga ada apa2 hurup aja ga ada;0
cukup memuaskan;1
bagusnya ditambah keterangan artisnya penyanyi genre apa tau selera;1
aplikasi nggak bisa download yah lagu nya;0
apk musik ter thebestt ga nyesel downloadnya udh berkali2 pake premium allhamdulilah udh nyaman sama spotifty;1
semua lagu nya bagus lengkap terima kasih;1
aku kasih bintang 3 ajh musikny gk bisa download gk bisa putan offliene;0
penting bisa mendengarkan lagu lagu kesukaan gratis;1
jangan terlalu pelit harga nya tolong lah diturunkan sedikit;0
mantap bagus sekali aplikasi nya;1
suka sama aplikasi spotifi lagu suka ada disini;1
lamalama aplikasi kaya joox muter musiknya ngacak nggk kaya dulu bisa pilih lagu sendiri;0
aplikasinya emang menarik tpi pke data baru bisa mutar lagu;1
asik buat dengarin musik tidur;1
banyak bgt iklannya masa 1 lagu 3 iklan;0
parah udah 3 kali instal ko gabisa share story ig sih udah cobain pake premium tetep aja ga ada bedanya please fix it;0
tidak mutu tidak bisa memilih lagu kayak dengerin radio;0
asli ga ngrti bgt knp klau diputer malah bukan lagu yg dipilih;0
eror selalu berenti detik 9;0
terlamabat;0
knp pk wifii gk bisa download;0
bagus cuma kadang ada lagu gk bisa diputar karna gk tersedia negara;1
bagus musik suka mati sendirinya;1
i love spotify aq bisa mendengarkan cerita horror rasanya balik jaman dulu jaman ada radio;1
apk gabisa ngesave lagu ga kek joox bisa save gaperlu online trusv hapus aja deh ga asikk;0
bagus si kaya kalo denger lagu sini lebih original;1
bikin nggak boring oke lah pokoknya;0
sekarang spotify ga bisa share notif lagu instagram ah kecewa;0
sangat menghibur dikala bersedih;1
bagus si app ny cuman nggak bisa download mesti online trus;1
spotify terdapat lagu baru enak bagus;1
keren tpi klo ada vidio dowload gratis lebih dahsyat loh mau;1
asw kebanyakan iklan mentang ga pake premium dikasih iklan sebanyak banyaknya dasar;0
menunggu sekali kualitas musik hifi semoga secepatnya fitur tersebut dikeluarkan;1
aplikasi bagus mudah mencari lagu kesukaan;1
tak download hilang semua;0
bagus aplikasi nya kurangi jangan besar kalo pake kuota thk;1
lebih asik lg klo ada lirik karoke nya;1
best tingkatkan terus;1
bagus bisa hemat memori gak perlu download;1
ga jelasdah instal ga bisa bukaaplikasi apaan lah;1
lagu stop sendiri ditengah lagu belum selesai;0
suka apk tidak menyesal download;0
seneng banget ada spotify semua fiturnya oke koq;1
pokoknya paket komplit lagunya hemat kuota recomended yg suka dengerin musik;1
asyikk nemeni hari hari mencari disemua jaman;1
kok gabisa daftar kecewa;0
diupdate kok suaranya jadi garingefek equalizer jadi gak berfungsi;1
sukaaaa bgt bisa pilih lagu2 yg suka buat temen perjalanan pas bgt;1
adanya spotifymusikperasaan dengerin lagu lama makin asiknyamanfress;1
dengerin lagu tidak ada suaranyakenapa;0
jeleekkk mau putar lagu inginkan malah keputar lagu bikin emosi awalnya doang bagus;0
apa udh masukin tanggal lahir kok gk bisa login;0
lebih suka dengerin podcast nya;1
mantul semua lagu yg dengerin ada;1
mana tau seru makanya donllod aplikasi kk sedang berulang tahun;1
sangat uhh kalau udah masuk album like hilang semua lagu;0
keren banget sih hampir semua lagu yg cari ada semua termasuk murrotal suka deh pokoknya thx;1
alhamdulilah surat2 yg ada al quran hampir semua ada;1
lumayankrn belumlah lengkap lagu yg kesukaan ku;1
ternyata ada iklannya mengecewakan;0
tolong munculkan opsi share lagu instagram nya;0
asik banget bersahabatlah ok;1
spotify memang keren semua laguï¿½ nya bagus semoga kedepan nya lebih lebih keren sukses selalu;1
mantap cocok buat dengerin music full pertahan kan buat aplikasinya;1
sangat menyukai apk suka karna slalu update laguï¿½ terbaru;1
aplikasinya kurang bagussudah pakai data bukanya malah suruh buat premiumhapus ajalah;0
sangat relefen sangat membantu sekali buat okdan terimakasi;1
kasih bintang 5 langsung;1
kok kadang gak bisa dibukak;0
lagu nya sering mati kendala ny apa klp dri hp ga mngkin udh iklan weh isinya gajelas;0
aplikasi ina sangat bagus aku menyipannya mati;1
mantap pokoknya dwonload deh bisa main game musikkan pokoknya dwonload dehhh;1
kalau bisa iklanya hilangkan;0
bagustpi iklan nya mengangu;0
klo mau milih lagu kok lagu putar aneh perbaikin tuh aplikasi;0
kasih bintang 4 knp pake shuffle;0
luar biasa terhibur;1
bagus g nyesel dah ni aplikasinya;0
spotify sangat bagus bisa menyejukkan hati sholawat nya;1
bagus banget bayak disukai orgga makan kuota jg;1
koleksi lagulagunya lengkap;1
sekarang spotify lemot jadi aneh walaupun premium lama v;0
bagus banget suka jadi bsa dnger lagu yg gk ada musik hp;1
spotify cukup memuaskan;1
ko gua bingung sih sama nih aplikasi mau setel daftar lagu gua setel malah lagu ga masuk daftar punya gua sorry aja gua penggua baru spotify;0
iklan mulu musik kurang lengkap kadang musiknya meleset playlist jangan iklan mulu oiii kagok aing;0
banyak ikhlan nya kalo pas putar susah aneh bangt;0
putar lagu shuffelcapek dehlgsg uninstal;0
gk bisa dengerin lagu playlist stlah pembaruan gila;0
tolong aktifkan canvas id hp;0
hp temanku kok ada liriknya kalau hp aku kok gak ada udah upgrade;1
segalanya menjadi mungkin bersama spotifylove banget;1
kalo bisa sekalipun tidak premium bisa memutar musik suka;1
kok aneh list lagu yg kmrn sdh ada kok tiba2 hilang;0
lagu lagunya enak enak;1
lagu nya nggak lengkapgada lagu besomorph coopexgoblok masa lagu aja gada tololjgn dowload nih aplikasi nyesel loh;0
mantap lagunya;1
bintang nya 4 dulu entar kalo udah ada liriknya d kasih bintang 5;1
saling melengkapisaling menghormatisaling membutuhkan;1
tidak bisa share ig story yaa;0
bisa dengarkan lagu apa aja;1
awal nya suka tpi smnjk ada sistm suffle sangt menganggu gk bisa dngrin lagu yg suka w unstal tdk menarik lgi by;0
oke bgt aplikasi musik spotify cmn ada k kurangany ga ada lirik aja tp ga mslah q cb pake aplikasi musikmax;0
mau putar lagu aja ribet acak terus bikin ribett;0
cukup senang suara jernih nyaman didengarkan;1
denger lagu kok shufle iklan nya banyak lagihadeh;0
kalo udh diputer sekalongga bisa diputer lagikesel bgt;0
oke banget aku suka suara kamu;1
ga jelas nulis judul ap yg muter ap isinya apa aneh sangat;0
menyebalkan gak bisa puter lagu sesuka hati;0
sangat bagus bervariasi;1
aplikasi nya sangat berguna;1
baik enak soalnya ga ribet bisa wa an ok;1
kualitas suaranya kurang bagus tlong perbaiki lgi;0
disuruh nonton iklan 30 detik biar ga ada iklan sampe 30 menit tp lagu 34 uda iklan aja wkwk tp tetep love spotofy;1
gila donk suka bgt komplit lagu y ful album lg mksih sesuai dgn komentar yg ada nih;1
bagus bgt gak kaya free mp3;1
aplikasi music paling fave cari apa aja ada lengkap;1
kerja dengerin musik spotify tempatnya mantap;1
belum seminggu ud minta pembaruan;0
jangan terlalu banyak lagu disembunyikan;0
musiknya beragam apa yg inginkan ada;1
auto delete aplikasi tai awal2 doang yg bagus lama kelamaan terlalu banyak embel2 nda jelasnya;0
inovasi terkini berhasil diterima semua kalangan;1
aplikasi baguskalau bisa kurangi iklannya;1
bagus banget kalo gak berbayar;1
daftar lagu nya berubah lagu nya cuma sepenggal;0
selalu tersedia mudah lagu disukai;1
apa cuma aku ngerasa spotify semakin gak praktis klo buat muter lagu;0
aplikasi jelek mau ndaftar lewat facebook aja gak bisa;0
kalo ada lyric dr semua lagu nya lebih enak;1
oke banget gk boros kuota;0
ga smua aplikasi spotify ad teks lirik nyaap hnya type hp tertentu ad teks lirik nya;0
membuat nyaman perjalanan membuat tidak tegang bekerja membuat relax pikiran;1
seneng lagu yg aku cari ada keren lah pokok e;1
aplikasi bagus;1
oke banget buat dengerin musik mana tempat app oce;1
good cuma ga ada lirik nya hmm;1
kalo putar lagu major lazer cold water tidak bisa;0
karna tidak ada yg sempurna semua punya kekurangan;0
sufle apaan lah makin lama bukan nya makin bagus malah makin aneh;0
saluran favorit utk mencari lagu kegemaran top;1
kurangi iklannyagak bisa ganti lagunya;0
bagus lumayan banyak lagu;1
trimakasih spotify musik nya oke sekali mantap;1
bagus lagu lagu yng suka ada semua trimakasih spotify;1
tdk bisa memutar lagu playlist disukai;1
aplikasi sangat bagus;1
pokoknya gak recommended ada perbarui;0
mantaptapi spotify semua putarannya shuffle temen tdk;0
semua lagu lengkap nyaman mendengarkannya;1
top dah mengisi waktu d lgi senggang;1
ribet search lagu play semua next lagu ada batasankecewa download;0
spotify mmg siplagu apa adasaran kalo bisa lagu videonya;1
sangat puas penghibur setia hari;1
aplikasi mantap buat sehari2 tdk usah isi lagu d memory internalpokoknya mantap bg pendenger lagu;1
lagunya semuanya ada bangent yg aku cari;1
coba mudah2an nyaman pake ne aplikasi;1
jadi ga asyeekkkkkga bisa pilih lagu sendiri lagimaaf yaaa delet aplikasi;0
tidak bisa memutar musik inginkan bayar goblok apk;0
tidak seru klu habis paket tak bisa dengarin musik yg sukai padahal uda buat playlis ny memori penuh batrai habis iklan jga banyak bee lah;0
sangat kecewa lagu cari nggak ada maaf mencarinya lagu sholawat2;0
sering non aktif sendiri aplikasi nya sering keluar sendiri padahal jaringan internet ga ada masalah;0
semakin ribet mau putar diinginkan malah suruh putar shuffle dulu seluruh lagu tidak ada disuka anjir;0
sangat keren mencari lagu lebih mudah lengkap;1
sporty memang oke serasa masa muda lewat lagu kenangan;1
aplikasi keren cuma kok skrg gada lirik lagunya lg sih;1
aplikasi g jelas masa nyari lagu bnr mlh putar apa tolong perbaiki;1
suka spotify memudah kan mendengar kn musik apa;1
sangat bingungl bagaimana cara menggunakan aplikasi iniknapa bisa mendengarkan lagu singkat;0
sampah kali ganti lagu volume suaranya jadi membesar;0
alikasi yg sangat jelek susah cari klik apa yg putar ngacak ngacak menjengkelkan;0
mode shuffle nya gak mau ilang;0
update malah jadi jelek jadi kecewa otw uninstall;0
menghibur waktu santai;1
sangat bagus semua lagu mau dengerin tersedia sini;1
sekarang tiada hari tanpa musik luar biasa terima kasih;1
suka banget belum download segera download like it;1
update terus play list baru ajaoverall udah suka ama app spotify;1
tiba tiba keluar sendiri terus mau masuk susah banget;0
tolong perbaiki aplikasi buruk;0
tiba tidak bisa buka;0
sy kasih bintang stu krna wktu sy download aplikasi nya mau oppen aplikasi nya kosong ga ada apa2 hurup aja ga ada;0
lamalama aplikasi kaya joox muter musiknya ngacak nggk kaya dulu bisa pilih lagu sendiri;0
apk gabisa ngesave lagu ga kek joox bisa save gaperlu online trusv hapus aja deh ga asikk;0
tiap abis lanjut premium nge bug mulu anjir tiba tiba keluar akun mana masuknya susah padahal email udah bener;0
udah diupgrade malah banyak iklannya;0
tak download hilang semua;0
skrng jdi diputar shuffle versi sblmnya pdhl ga bgni dah jdi kecewa sayamaaf uninstall;0
mantap top markotop semoga ada update jauh lebih baik;1
wah senang bisa mendengarkan lagu jaman jadul jaman kini;1
mantap sangat membantu bergunasukses selalu;1
aplikasi dengar musik terbaik sepanjang massa tidak ada tandingannyagw nyesel download aplikasi joox semenjak gw tau aplikasi terbaik;1
baguslahbisa mengenang masa mudadengan lagu2 kesukaanku makasih sproty musik;1
hah gw mau dengerin lagu apa adanya suffel nyambungnya jauh bat penyanyi beda judul beda tau lah;0
susah mau mutar lagunyalain dipilih nyanyi;0
app sangat membantu semua terutama army yaaa yuk armydeul buru download bisa puas dengerin semua lagunya bts disini;1
bagus aku suka buat nemenin aku masak dengerin music aku gak bisa beli yg premium;1
jelek banget sumpah bikin emosi;0
mau putar lagu aja ribet acak terus bikin ribett;0
nggak bisa stel full selalu cuplikan kesallll;0
makin depan makin parah;0
abis upgrade jadi males buka aplikasinya;0
lagunya tidak sesuai diinginkan kasih 1 bintang tolong diperbaiki pliiiiiiiiiiiiisssssssssssssss;0
nice bisa dengarkan lagu lagu terbaru lagu hasil download sering hilang sendiri;1
laguï¿½ yg ada sportify semua bening mantap;1
entah suka aja sama aplikasi bener2 bisa ngehibur apa podcast podkesmas;1
bagus aplikasinyacuma sayang kalau mau lewat lagu premium dulu;1
aplikasi cerdas bisa memilih lagu2 sesuai minat;1
aplikasi jelek mau ndaftar lewat facebook aja gak bisa;0
penipuan katanya dengerin musik tanpa mngunakan data dasar penipu;0
gak enak gak sesuai lagu ihhh masa aku pengen lagu sia malah nyalanya lagu ava max;0
kok gabisa share snapgram;0
lagunya berhenti didetik 09 jadi mohon diperbaiki;0
aplikasinya bagus mudah hemat kuota cuma kl bs ada satu album yg bs download;1
aq dah suka banget ma app bgs gk bikin bosenpertahan kan trs jgn sampe bikin bosen krn hal2;1
gue suka app nya bagus buat dengerin musik;1
bagus sekali mencari apa yg inginkan terima kasih;1
mudah diaksespilihan musiknya banyak;1
iklan mulu kepeet emng ni aplikasi udehh w uninstal lgian gedek bgt w iklaan mulu satu lagu iklan udh kya gtu trs;0
culun udah gitu aja auto balik joox lg tytyty;0
uninstall aplikasi ga jelas banyak iklan;0
gk bisa dibuka nyesel download;0
semakin rumitknp ada shufle;0
kesel;0
lebih baik aplikasi musik punya sebelumnya;1
bagussss lanjutkan gk nyesel pilih aplikasi lebih bagus joox;1
bagus tp klo harga perbukan agk murah kan lbh bagus;1
spotify udh bagus semua lagunya ada beri bintang 4 karna putar lagu detik 9 berhenti sendiri padahal jaringan internet nya bagus;1
very bad buat versi sekarang;0
lagunya diputer acak auto delete;0
tolong dong jangan diperbaruikarena jadi gk bisa denger lagu playlist sayapas mau dengerin laguny mode shuffle padahal mau dengerin lagu kesukaan malah lagu yg diputar;0
banyak iklan nya ga sesuai hapus;0
error no optimalisasi minimalisir multifungsi peran penggunaan;0
jadi gk danta ni spotify masa jadi diputar acak lagunya;0
aku pengguna baru sih jadi mungkin belum terbiasa sama settingan app kok bikin ribet aja mau dengerin lagu yg suka aja susah banget keputernya lagu yg berlangganan apa daya gak punya kartu kredit mungkin app cuma buat orang kaya sangat mengecewakan;0
aplikasi mengecewakan banget tuh kesel banget sama aplikasi awalnya biasa biasa aja sih normal hari error spotify nya masa setel lagu bukan nya pertama lagunya malahan setengah lagunya makanya kecewa banget sama aplikasi tolong yah perbaiki lulasan lengkapaplikasi mengecewakan banget tuh kesel banget sama aplikasi awalnya biasa biasa aja sih normal hari error spotify nya masa setel lagu bukan nya pertama lagunya malahan setengah lagunya makanya kecewa banget sama aplikasi tolong yah perbaiki;0
bagus ada playlist sesuai genre yg biasa dengar;1
ga bisa muter lagu sesuka hati hrus d puter scara acak bisa 6 x next slma 1 jam menjengkelkan ada apk yg lbh baik dr;1
gua ksih bintang 2 aplikasinya bagus sih semua lagu yg cari ada gx ada download nya tolong ksih tau gimna cara download nya;1
semoga bermanfaan terhibur sewaktu perjalananberpergian hari utk aamiin;1
rekomendasi lagunya bagus uptodate fitur langganan prmbayaran pulsa ada lebih gampang jadinya;1
tolol nih aplikasinya makin sini orng2 kaya doang yg bisa nikmatin orng susah mh kaga hapus aja lahhh gk guna mending download aja lagu yg gua suka macam atur sama aplikasi musik ny se enak jidat klo muterin lagu mending kalo gk pake data tololl;0
kakugak flexibel;0
putar sufle sangat mengganggu;0
terlalu banyak iklan;0
mohon maaf aplikasi bad bnget;0
ribet banyak iklan premium;0
kaga guna anji apk error;0
tolong diperbaiki buat pemutaran lagunya dulu kalo mau puter lagu tinggal search ketemu lagunya tinggal play sekarang mode shuffle malah bikin puyeng yg mau diputer lagu a yg nyala lagu b;0
tahun baru sekarang kok gak bisa beli paket premium family yg reguler gagal terus udah masukin card number nya;0
kecewa berat mau berhenti langganan via petunjuk yg diberikan sy jlnkantapi tagihan sy potong via rek bank sy mohon utk dihentikan pemotongan biaya langganan spoty free sy jk tidak sy tuntut hukumtks;0
tolong jangan ada shuffle plissss;0
musiknya enak meski membutuhkan sinyal sangat bagus;1
berharap ada promo biaya langganan spotify lebih murah lebih menarik;1
player musik favorit jaman kuliah lagu2nya nyaris lengkap nyari apa aja ada tukang ketoprak;1
buat orang orang ngeluh kalo mau pake apk beli lah lisensinya jangan gratisan doang udah gratis masi ajah ngeluh herannn wkwk apk puas banget lengkap ajip markojippp;1
mencari lagu beberapa tidak temukankomplit;1
sistem shuffle nya ganggu sumpah;0
maaf bintang nya satu mau berlangganan spotify premium 1 haru sata bayar menggunakan pulsa tidak bisa oadahal pulsa mencukupi mohon bantuannya;0
ampun sama aplikasi ngga bisa masuk lewat facebook padahal udah pernah pake premium pas udah habis kluar sendiri mau masuk tidak bisa pake akun gmail tidak bisa tolong d perbaiki spotify;0
maaf hapus spotfy nya pindah spotify lite soalnya pas daftar pakek facebooknya email gak bisa sampai2 ganti sandi emaileee tetep aja gak bisa perbaiki dong;0
tiap dengerin lagu tiba2 berenti sendiri apa gegara gak berlangganan jadinya digituin tiap muter berikutnya mati pdhal d layar play tpi gak keluar suaranya tiap d ketuk pause trua d play baru deh muter aneh banget;0
jelek banget sekarang gajelas gabisa muter lagu biasanya mending ganti pemutar musik;0
bagus suaranya jernih bening jelas;1
kalau bisa kurangin jeda iklan nya walapun appnya geratiss aku dengarin pakek pakett;1
bagus ayo buruan subskrib chenel alfarizi official;1
semoga menjadi lebih baik depannya terdapat perbaikan2 signifikan pelanggan setia;1
aplikasi musik sangat berkualitas;1
maaf bintang nya satu mau berlangganan spotify premium 1 haru sata bayar menggunakan pulsa tidak bisa oadahal pulsa mencukupi mohon bantuannya;0
ampun sama aplikasi ngga bisa masuk lewat facebook padahal udah pernah pake premium pas udah habis kluar sendiri mau masuk tidak bisa pake akun gmail tidak bisa tolong d perbaiki spotify;0
maaf hapus spotfy nya pindah spotify lite soalnya pas daftar pakek facebooknya email gak bisa sampai2 ganti sandi emaileee tetep aja gak bisa perbaiki dong;0
tiap dengerin lagu tiba2 berenti sendiri apa gegara gak berlangganan jadinya digituin tiap muter berikutnya mati pdhal d layar play tpi gak keluar suaranya tiap d ketuk pause trua d play baru deh muter aneh banget;0
jelek banget sekarang gajelas gabisa muter lagu biasanya mending ganti pemutar musik;0
mudah digunakan lagunya lengkap biaya langganan relatif terjangkau;1
buat sportfymu akumembrikan yg terbaik semua;1
spootify paling mantap dunia;1
keren suka banget makanya kasih bintang 5;1
cukup oke aku baru menggunakan aplikasi;1
aplikasi nya jelek tolong diperbaiki lagu nya suka mati sendiri tolong perbaiki;0
banyak iklan beberapa kali muter berhenti sendiri;0
kok susah banget denger lagu yg pengen putar klik apa muter nya lagu susah banget sihhhh denger lagu yg full mending balik aja aplikasi lama;0
email kluar sendiri giliran mau login ulang malah salah password mulu;0
shufflenya bikin rese gabisa milih lagu;0
aku sangat suka aplikasi lama mencari aplikasi;1
sarana aplikasi yg bagus utk menemani disaat bersama keluarga tembang2 yg sangat komplit yg terjadul yg greesss;1
daftar tp kok ga bisa masuk tolong klo bisa perbaiki;1
namanya berbayar beda gratisan apapun makanya bayar murah kok;1
simple ringan suara berkualitas koleksi lengkap;1
mengecewakan;0
update malah susah bingung ga dong ga sesuai yg diinginkan mau mutar lagu play malah reff nyamasa nunggu lagu yg habis lama goblok ga suka dgn apk;0
buruk sekali;0
iklannya ganggu banget;0
jelek gak memuaskan;0
ok aplikasinya lagu komplit thanks;1
lagunya lengakap apa yg mau carai topp deh pokonya;1
seru bisa dengerin blakc pink buka aplikasi masi nyala tolong kutangi iklan y;1
sangat suka memutar musika sportifyapalagi kalo pakek kualitas premium;1
pokoknya mantap dahtengkyu spotyfy udah kasih hiburan lagu gratissemoga semakin sukses;1
jelek banget tampilannya;0
